,channelId,channelTitle,playlistId,title,publishedAt,description,itemCount
0,UC5j8-2FT0ZMMBkmK72R4aeA,RPP Noticias,PLKB9XoDgSNZyiyYBi97-so1OyOqdpnzg8,F√öTBOL COMO CANCHA,2024-05-09T20:43:12Z,,1
1,UC5j8-2FT0ZMMBkmK72R4aeA,RPP Noticias,PLKB9XoDgSNZwKBuiHACaBB24q-ebx_p8x,AS√ç SOMOS,2024-04-16T04:34:50Z,,33
2,UC5j8-2FT0ZMMBkmK72R4aeA,RPP Noticias,PLKB9XoDgSNZztGhtNgnjJQB4s_GOqztaA,La 5 m√°s virales,2024-04-06T16:50:57Z,Las 5 noticias m√°s virales del d√≠a por RPP,32
3,UC5j8-2FT0ZMMBkmK72R4aeA,RPP Noticias,PLKB9XoDgSNZz-9YtAwNfAYFNI_kfw1WHI,HABLEMOS DE MINER√çA,2024-03-22T13:20:26Z,,0
4,UC5j8-2FT0ZMMBkmK72R4aeA,RPP Noticias,PLKB9XoDgSNZx0CP1JWKyAO2OE__Zgrw34,As√≠ somos las peruanas,2024-03-05T04:40:33Z,,9
5,UC5j8-2FT0ZMMBkmK72R4aeA,RPP Noticias,PLKB9XoDgSNZwRAYTpkLN5F2FHZBo1Hpmr,Imperdibles,2024-02-09T12:32:10Z,Las noticias m√°s importantes para que comiences tu d√≠a informado,1
6,UC5j8-2FT0ZMMBkmK72R4aeA,RPP Noticias,PLKB9XoDgSNZyGXyex95Nh6flIlUUABM2D,Di√°logo de Fe 2024,2024-01-06T21:41:30Z,,17
7,UC5j8-2FT0ZMMBkmK72R4aeA,RPP Noticias,PLKB9XoDgSNZxJOeIc1AQgB297aV058OPh,Fen√≥meno el Ni√±o 2024,2024-01-05T12:51:22Z,,45
8,UC5j8-2FT0ZMMBkmK72R4aeA,RPP Noticias,PLKB9XoDgSNZw3XeFxRtmz08TO9CxeRscs,LA ROTATIVA DEL AIRE 2024,2024-01-02T13:05:23Z,,977
9,UC5j8-2FT0ZMMBkmK72R4aeA,RPP Noticias,PLKB9XoDgSNZy9Fgz31UnYq5fGoWMM0s0q,CADE Ejecutivos 2023,2023-11-14T13:29:27Z,,46
10,UC5j8-2FT0ZMMBkmK72R4aeA,RPP Noticias,PLKB9XoDgSNZyXkSBgYBxo2sUL67sIXt4J,HABLEMOS SOSTENIBLEMENTE,2023-11-14T04:29:25Z,,45
11,UC5j8-2FT0ZMMBkmK72R4aeA,RPP Noticias,PLKB9XoDgSNZz7qY3F017E3HTidUyHvOvJ,DI√ÅLOGO DE FE 2023,2023-11-04T16:26:18Z,,9
12,UC5j8-2FT0ZMMBkmK72R4aeA,RPP Noticias,PLKB9XoDgSNZwlBJoDzauhVrsaYx66SLH_,RPP 60 A√ëOS,2023-10-27T21:08:28Z,,7
13,UC5j8-2FT0ZMMBkmK72R4aeA,RPP Noticias,PLKB9XoDgSNZwAxSyGgK4AzSPGiOyFcTAu,EMPRESAS QUE TRANSFORMAN,2023-10-15T14:25:59Z,,8
14,UC5j8-2FT0ZMMBkmK72R4aeA,RPP Noticias,PLKB9XoDgSNZw9uZHmQDxU3YcNnUHchhd0,NUTRIAGENDA,2023-10-05T19:31:39Z,Un podcast dedicado a hurgar en el conocimiento m√°s actualizado de los expertos en la ciencia de la nutrici√≥n y la salud para sintetizarlos en datos √∫tiles que puedas aplicar a tu estilo de vida y adem√°s resuelvan las dudas y mitos m√°s comunes. Acomp√°√±ame a develar lo que debes saber sobre nutrici√≥n y dietas.,28
15,UC5j8-2FT0ZMMBkmK72R4aeA,RPP Noticias,PLKB9XoDgSNZz8vBl0m4i-m1DQXgoQiTMq,ADN Shorts,2023-10-04T19:20:23Z,,27
16,UC5j8-2FT0ZMMBkmK72R4aeA,RPP Noticias,PLKB9XoDgSNZzRo0Wx20l610gTT5L4x8rT,Nutrici√≥n con Sara Abu Sabbah üçé,2023-10-03T19:57:32Z,,1
17,UC5j8-2FT0ZMMBkmK72R4aeA,RPP Noticias,PLKB9XoDgSNZxjwuXnr0ti-5TL6LwW3wyw,CIENCIA AL D√çA,2023-09-26T23:49:54Z,La ciencia como nunca te la contaron. Descubre junto al renombrado cient√≠fico Patricio Valderrama las m√°s importantes novedades y las curiosidades m√°s extra√±as que te ayudar√°n a comprender los fen√≥menos que nos rodean de la manera m√°s did√°ctica y entretenida. Encuentra aqu√≠ las mejores entrevistas a los cient√≠ficos del momento porque la ciencia est√° a la orden del d√≠a.,28
18,UC5j8-2FT0ZMMBkmK72R4aeA,RPP Noticias,PLKB9XoDgSNZxB-tvLIgsnzzT0Qnso4_a8,LAS NOTICIAS,2023-09-19T01:29:04Z,,160
19,UC5j8-2FT0ZMMBkmK72R4aeA,RPP Noticias,PLKB9XoDgSNZw02MzZEDIZC-RXqeiMrIot,NUNCA ES TARDE,2023-09-18T23:25:02Z,,547
20,UC5j8-2FT0ZMMBkmK72R4aeA,RPP Noticias,PLKB9XoDgSNZwwm6ZbgZKqbnVuExrk84Wx,#NuestraTierraCelebra,2023-07-25T22:33:57Z,,81
21,UC5j8-2FT0ZMMBkmK72R4aeA,RPP Noticias,PLKB9XoDgSNZxQf7ltbg50049xZQzkZBGn,Directo En Directo,2023-07-07T15:09:10Z,,1
22,UC5j8-2FT0ZMMBkmK72R4aeA,RPP Noticias,PLKB9XoDgSNZxG0u0S8MFbixfBjCfIE7SW,Machu Picchu: Maravilla del mundo,2023-07-06T18:38:41Z,,11
23,UC5j8-2FT0ZMMBkmK72R4aeA,RPP Noticias,PLKB9XoDgSNZzZJIZw2VEqSo26DxwXidse,MES JUBILAR DE CUSCO,2023-06-19T23:05:34Z,,7
24,UC5j8-2FT0ZMMBkmK72R4aeA,RPP Noticias,PLKB9XoDgSNZz18tIdE7HGQxWPgKhMYf8E,FEN√ìMENO EL NI√ëO 2023,2023-06-19T13:44:35Z,,81
25,UC5j8-2FT0ZMMBkmK72R4aeA,RPP Noticias,PLKB9XoDgSNZwV8hiXwR61SN_68FxSsDzp,CONSULTORIO LEGAL,2023-05-31T17:41:44Z,La abogada de familia Lorena Fern√°ndez nos ayuda a comprender distintos temas legales.,25
26,UC5j8-2FT0ZMMBkmK72R4aeA,RPP Noticias,PLKB9XoDgSNZxlBNwI45Hj_bWee_lHmIN_,Nuestra Tierra,2023-05-29T13:42:30Z,,213
27,UC5j8-2FT0ZMMBkmK72R4aeA,RPP Noticias,PLKB9XoDgSNZwzC7RxCLQ4EoFCLWLpGXKt,EL OBSERVATORIO DEL CLIMA,2023-04-13T00:00:38Z,,174
28,UC5j8-2FT0ZMMBkmK72R4aeA,RPP Noticias,PLKB9XoDgSNZzZVO5aJ6DI8jMc-cS1JcAo,LIMA 8.8,2023-04-10T19:56:39Z,,18
29,UC5j8-2FT0ZMMBkmK72R4aeA,RPP Noticias,PLKB9XoDgSNZxde4j_yRbZYj1SUXHCwAPX,Detector de Mentiras,2023-04-10T12:31:51Z,,25
30,UC5j8-2FT0ZMMBkmK72R4aeA,RPP Noticias,PLKB9XoDgSNZzwFuCY5AEP8Gy2-BmNxf_4,Shorts,2023-04-04T18:46:39Z,,393
31,UC5j8-2FT0ZMMBkmK72R4aeA,RPP Noticias,PLKB9XoDgSNZzfcsnPMkuQ3dgHEiBLVMXR,LA ROTATIVA DEL AIRE 2023,2023-03-31T13:59:37Z,Las noticias m√°s importantes del Per√∫ y el mundo.,2404
32,UC5j8-2FT0ZMMBkmK72R4aeA,RPP Noticias,PLKB9XoDgSNZxCyLEmwelQJWIY3IxVu_EM,TEMA DE FONDO,2023-03-30T14:27:26Z,Tema de fondo es un programa especial de RPP que aborda a profundidad temas de coyuntura nacional e internacional.,39
33,UC5j8-2FT0ZMMBkmK72R4aeA,RPP Noticias,PLKB9XoDgSNZya-Vj2fe0cDlPPgH4R8GqA,"Campa√±a ""Yo muevo al Per√∫""",2023-03-27T14:53:33Z,,8
34,UC5j8-2FT0ZMMBkmK72R4aeA,RPP Noticias,PLKB9XoDgSNZyAwfOXMAwEbP4voOe3o5Vl,TEMA DE FONDO : Fen√≥meno El Ni√±o 2023 ‚Äì 2024,2023-03-23T17:40:50Z,Fen√≥meno El Ni√±o 2023 ‚Äì 2024,12
35,UC5j8-2FT0ZMMBkmK72R4aeA,RPP Noticias,PLKB9XoDgSNZx5jPy_c6tiA2uDUF9REPPV,Bienestar en RPP,2023-02-23T22:07:14Z,,177
36,UC5j8-2FT0ZMMBkmK72R4aeA,RPP Noticias,PLKB9XoDgSNZzyraVNiJeTHOS-moEpFYD2,HUMOR POL√çTICO CON HERNAN VIDAURRE,2023-02-23T16:56:22Z,,116
37,UC5j8-2FT0ZMMBkmK72R4aeA,RPP Noticias,PLKB9XoDgSNZyNby7u8DYl-XXWV8ickOt_,EXTRADICI√ìN ALEJANDRO TOLEDO,2023-02-23T00:32:54Z,,81
38,UC5j8-2FT0ZMMBkmK72R4aeA,RPP Noticias,PLKB9XoDgSNZxLcDtuE2h3tYw4SStKwa0t,REGRESO A CLASES 2023,2023-02-21T19:43:17Z,,33
39,UC5j8-2FT0ZMMBkmK72R4aeA,RPP Noticias,PLKB9XoDgSNZzai399ESmAslCJYsqI2W4l,SIN VUELTAS,2023-02-14T02:38:54Z,,417
40,UC5j8-2FT0ZMMBkmK72R4aeA,RPP Noticias,PLKB9XoDgSNZxMtTT1Oj2FOWjTgYXwKx0D,TIEMPO REAL,2023-02-13T21:37:40Z,,583
41,UC5j8-2FT0ZMMBkmK72R4aeA,RPP Noticias,PLKB9XoDgSNZzys8HAFajvCeoHITrDQ4sv,Mucha Moda,2023-02-07T20:02:28Z,,65
42,UC5j8-2FT0ZMMBkmK72R4aeA,RPP Noticias,PLKB9XoDgSNZxL2Cho5_ahFXQUCxQDxdMd,AS√ç DE CLARO,2023-01-31T18:41:13Z,,15
43,UC5j8-2FT0ZMMBkmK72R4aeA,RPP Noticias,PLKB9XoDgSNZy5IGAFTeAmOC3axSyeLhnJ,RPP Data,2023-01-28T17:49:07Z,,21
44,UC5j8-2FT0ZMMBkmK72R4aeA,RPP Noticias,PLKB9XoDgSNZz2dK4R9QcgsAHVljXfmXJ4,TODO SE SABE 2023,2023-01-26T03:37:16Z,,545
45,UC5j8-2FT0ZMMBkmK72R4aeA,RPP Noticias,PLKB9XoDgSNZz-gVZHVr3E-hbPaZv9vjzG,Reels RPP,2023-01-18T13:41:55Z,,3
46,UC5j8-2FT0ZMMBkmK72R4aeA,RPP Noticias,PLKB9XoDgSNZzv1ddL7uxeKiCA6qPGI8sW,CRISIS EN PER√ö 2023,2023-01-13T17:23:08Z,,248
47,UC5j8-2FT0ZMMBkmK72R4aeA,RPP Noticias,PLKB9XoDgSNZzrD6wQLFCkV60kVs1JKBAK,Di√°logo de fe 2023,2023-01-07T19:25:33Z,,36
48,UC5j8-2FT0ZMMBkmK72R4aeA,RPP Noticias,PLKB9XoDgSNZwJexYar8kpRtkpvNg-oQkj,Crisis pol√≠tica | Dina Boluarte | Pedro Castillo,2022-12-12T01:40:02Z,,396
49,UC5j8-2FT0ZMMBkmK72R4aeA,RPP Noticias,PLKB9XoDgSNZxAT4fSEJty2QFx3-39woU2,GOLPE DE ESTADO EN PER√ö,2022-12-07T19:27:39Z,"La exministra Dina Boluarte se convirti√≥ en la presidenta tras la vacancia de Pedro Castillo, impulsada por el fallido golpe de Estado que este intent√≥.",112
50,UC5j8-2FT0ZMMBkmK72R4aeA,RPP Noticias,PLKB9XoDgSNZzMxvF4g-9k0PHeJKt62xok,Rotafono 2.0,2022-11-25T16:38:35Z,,27
51,UC5j8-2FT0ZMMBkmK72R4aeA,RPP Noticias,PLKB9XoDgSNZyJ9-Z8fHaZwsrbP5kvVFb4,Tragedia en el Jorge Ch√°vez,2022-11-18T23:08:26Z,,32
52,UC5j8-2FT0ZMMBkmK72R4aeA,RPP Noticias,PLKB9XoDgSNZz_utWLNzUsEayEWXPDYA0s,DESENREDADOS,2022-11-18T19:48:41Z,,14
53,UC5j8-2FT0ZMMBkmK72R4aeA,RPP Noticias,PLKB9XoDgSNZycLPaWa3K87IiP-JCla8Pq,CADE EJECUTIVOS 2022,2022-11-09T05:07:24Z,,26
54,UC5j8-2FT0ZMMBkmK72R4aeA,RPP Noticias,PLKB9XoDgSNZwRaMuSmc6B5e7Qou7uN8Me,DOMINGO ES FIESTA,2022-10-30T16:15:01Z,,67
55,UC5j8-2FT0ZMMBkmK72R4aeA,RPP Noticias,PLKB9XoDgSNZxgQnVAwzEL2QpxNb2y53_3,MUNDO SALUD,2022-10-27T21:19:05Z,,37
56,UC5j8-2FT0ZMMBkmK72R4aeA,RPP Noticias,PLKB9XoDgSNZxeSDAExn7dBjLmIbwIBgA_,DEPORTES CON MOTOR,2022-10-27T02:44:00Z,,2
57,UC5j8-2FT0ZMMBkmK72R4aeA,RPP Noticias,PLKB9XoDgSNZwmCAljNIKxjDICGZqDT0X1,ADN REGIONAL,2022-10-20T19:06:03Z,,193
58,UC5j8-2FT0ZMMBkmK72R4aeA,RPP Noticias,PLKB9XoDgSNZxJKBZT5ukBqDHWF0qYP_9G,Franca-mente,2022-10-12T14:23:52Z,,35
59,UC5j8-2FT0ZMMBkmK72R4aeA,RPP Noticias,PLKB9XoDgSNZy7i5tRpIh5kvNy9wA66aWv,Cortos Internacionales RPP,2022-09-15T16:05:18Z,,2
60,UC5j8-2FT0ZMMBkmK72R4aeA,RPP Noticias,PLKB9XoDgSNZyUH2fOg0Z1MUAaED83wehK,Elecciones Brasil üáßüá∑üó≥,2022-09-13T14:25:50Z,,5
61,UC5j8-2FT0ZMMBkmK72R4aeA,RPP Noticias,PLKB9XoDgSNZyMwVeKltlvRW7Z5oXB6aJO,REINA ISABEL II Y NUEVO REINADO,2022-09-09T14:06:18Z,,25
62,UC5j8-2FT0ZMMBkmK72R4aeA,RPP Noticias,PLKB9XoDgSNZzFRvUo2UdZUBSUEQizAAvA,Valgan Verdades,2022-09-05T13:00:03Z,Te resumimos la enmara√±ada coyuntura nacional.,274
63,UC5j8-2FT0ZMMBkmK72R4aeA,RPP Noticias,PLKB9XoDgSNZxCYOe7h9JrjJaYd_IbevYC,TODO SOBRE LA VIRUELA DEL MONO,2022-08-11T17:33:46Z,"El Dr. Elmer Huerta convers√≥ con el infect√≥logo Leslie Soto para tratar de responder todas las dudas sobre la viruela del mono, seg√∫n la informaci√≥n que manejan los organismos internacionales de salud hasta este momento.",7
64,UC5j8-2FT0ZMMBkmK72R4aeA,RPP Noticias,PLKB9XoDgSNZyr4vLoEDB5kMaVdRQL73i5,CLIC ECON√ìMICO,2022-08-05T19:10:44Z,¬øCansado de perder dinero por malas decisiones financieras? Sintoniza nuestro programa ‚ÄòClic Econ√≥mico‚Äô por #RPP. Aprende consejos utilitarios que cambiar√°n tu vida financiera para siempre junto a Maritza S√°enz; gracias a a #RPPNoticias,147
65,UC5j8-2FT0ZMMBkmK72R4aeA,RPP Noticias,PLKB9XoDgSNZxpff-ghyAcgSSD3jklLp_0,EL PODER EN TUS MANOS | AL D√çA,2022-08-05T18:54:51Z,,115
66,UC5j8-2FT0ZMMBkmK72R4aeA,RPP Noticias,PLKB9XoDgSNZzADibT5kiHhQhnvfywZJuy,Cortos RPP,2022-08-04T16:15:00Z,,202
67,UC5j8-2FT0ZMMBkmK72R4aeA,RPP Noticias,PLKB9XoDgSNZyIAXu8FVrGoVL3VHkXokbV,FIESTAS PATRIAS POR RPP,2022-07-28T19:32:46Z,,38
68,UC5j8-2FT0ZMMBkmK72R4aeA,RPP Noticias,PLKB9XoDgSNZyPHLAfaiWOab1oefamoFyA,STARTUPEABLE,2022-07-28T19:29:22Z,,10
69,UC5j8-2FT0ZMMBkmK72R4aeA,RPP Noticias,PLKB9XoDgSNZwxnYHAJn3aCPD7nyvNjYdp,AMPLIACI√ìN DE NOTICIAS (ADN),2022-07-10T17:24:50Z,La noticia en voz de los protagonistas.,3872
70,UC5j8-2FT0ZMMBkmK72R4aeA,RPP Noticias,PLKB9XoDgSNZzOtGsNQkQ9kEg7CtqsKu4V,PER√ö VS AUSTRALIA: EL REPECHAJE,2022-06-11T15:24:27Z,,64
71,UC5j8-2FT0ZMMBkmK72R4aeA,RPP Noticias,PLKB9XoDgSNZxzzH2HDPyfmRR2hMtm5gxc,Conociendo tus emociones con Franco Granthon,2022-06-10T18:31:22Z,,4
72,UC5j8-2FT0ZMMBkmK72R4aeA,RPP Noticias,PLKB9XoDgSNZydwuMzwYyQdqJwdZPDqT9d,PROGAMER PODCAST,2022-06-06T17:26:41Z,,23
73,UC5j8-2FT0ZMMBkmK72R4aeA,RPP Noticias,PLKB9XoDgSNZwerSXCaJdodWQCTmJCevRZ,ENTEND√ç ESA REFERENCIA,2022-05-27T00:19:08Z,,4
74,UC5j8-2FT0ZMMBkmK72R4aeA,RPP Noticias,PLKB9XoDgSNZwES3g7mgTVoEQv0qFeNrA4,SOLSIRET RODR√çGUEZ,2022-05-18T17:21:35Z,,9
75,UC5j8-2FT0ZMMBkmK72R4aeA,RPP Noticias,PLKB9XoDgSNZzmQQT9ILAr5XI08eM_z7Ak,TODO SE SABE 2022,2022-05-17T00:46:20Z,Omar Mariluz entrevista a los protagonistas de la noticia en Todo se sabe.,978
76,UC5j8-2FT0ZMMBkmK72R4aeA,RPP Noticias,PLKB9XoDgSNZx909F76A3ITFxlG-1xUtdO,SISMO EN LIMA,2022-05-12T22:22:40Z,,10
77,UC5j8-2FT0ZMMBkmK72R4aeA,RPP Noticias,PLKB9XoDgSNZygwMrKMGHNJ5Xjp7lqo-qm,RPP SALUD,2022-05-09T23:12:04Z,Programa de salud con la periodista Laura Amasifu√©n.,25
78,UC5j8-2FT0ZMMBkmK72R4aeA,RPP Noticias,PLKB9XoDgSNZwTof6SSJYe0V2ntOL76THc,MUNDO,2022-05-09T18:08:37Z,,243
79,UC5j8-2FT0ZMMBkmK72R4aeA,RPP Noticias,PLKB9XoDgSNZypeRgpurSQxcGzVwZeAo8F,NOTICIAS INTERNACIONALES,2022-05-03T18:36:49Z,,118
80,UC5j8-2FT0ZMMBkmK72R4aeA,RPP Noticias,PLKB9XoDgSNZzNND6j5KLoCY-Jw2KsPh6B,Vacancia de Jorge Mu√±oz,2022-04-27T15:31:31Z,Todo lo que necesitas saber sobre la vacancia del Alcalde de Lima Jorge Mu√±oz.,14
81,UC5j8-2FT0ZMMBkmK72R4aeA,RPP Noticias,PLKB9XoDgSNZzp_yyuCcTzIIBmTiMjwRl4,TANKE COMO CANCHA,2022-04-20T20:10:25Z,,7
82,UC5j8-2FT0ZMMBkmK72R4aeA,RPP Noticias,PLKB9XoDgSNZxOqXs3ra0SoyWHzy93b0xD,RESUMEN RPP,2022-04-20T15:29:21Z,,17
83,UC5j8-2FT0ZMMBkmK72R4aeA,RPP Noticias,PLKB9XoDgSNZx-dcbAJMTFxEPpgGMB-mO4,FCC RESUMEN,2022-04-19T23:23:00Z,,16
84,UC5j8-2FT0ZMMBkmK72R4aeA,RPP Noticias,PLKB9XoDgSNZwzHghhJ60qRWUVVMYvzRdR,VUELOS CANCELADOS POR PARO,2022-04-14T16:14:53Z,Huelga de controladores a√©reos afecta los viajes nacionales durante Semana Santa.,10
85,UC5j8-2FT0ZMMBkmK72R4aeA,RPP Noticias,PLKB9XoDgSNZxc78KzdHvx_z75nKrFFmYM,RESUMEN RPP,2022-04-13T19:17:58Z,,2
86,UC5j8-2FT0ZMMBkmK72R4aeA,RPP Noticias,PLKB9XoDgSNZyMNamwjPi365o8Uy1ruBDh,Agenda Deportiva,2022-04-08T23:34:50Z,,8
87,UC5j8-2FT0ZMMBkmK72R4aeA,RPP Noticias,PLKB9XoDgSNZxUPP1sUv-nBWCN_1hkbtGu,PROGRAMAS RPP,2022-04-08T18:24:50Z,,592
88,UC5j8-2FT0ZMMBkmK72R4aeA,RPP Noticias,PLKB9XoDgSNZxArMpzTwf8URe1HF_Lf-MR,Peruanos en Estados Unidos,2022-04-06T22:48:15Z,,10
89,UC5j8-2FT0ZMMBkmK72R4aeA,RPP Noticias,PLKB9XoDgSNZyuChmeVoVR_jv9UGTC6qi7,INMOVILIZACI√ìN SOCIAL OBLIGATORIA,2022-04-05T07:38:18Z,,74
90,UC5j8-2FT0ZMMBkmK72R4aeA,RPP Noticias,PLKB9XoDgSNZyamttaapUmCE433mK-3Ko1,PARO DE TRANSPORTISTAS Y AGRICULTORES,2022-04-04T12:49:24Z,Conoce la informaci√≥n m√°s actualizada sobre el paro de transportistas y agricultores en el Per√∫.,117
91,UC5j8-2FT0ZMMBkmK72R4aeA,RPP Noticias,PLKB9XoDgSNZydayHTbAEi2KaXQFhCQqBD,FAMILIA Y JUSTICIA,2022-03-31T16:48:39Z,,69
92,UC5j8-2FT0ZMMBkmK72R4aeA,RPP Noticias,PLKB9XoDgSNZwGft7eaN3TuRRE468zWKar,RPP ESPECIALES,2022-03-31T15:15:13Z,,383
93,UC5j8-2FT0ZMMBkmK72R4aeA,RPP Noticias,PLKB9XoDgSNZx3FT-E8BaPwAZpl-BQXU2-,VITAL RPP,2022-03-29T21:10:59Z,"Vital con la conducci√≥n de Lucia Barja, todos los Lunes a las 12 del medio d√≠a, por RPP Youtube",61
94,UC5j8-2FT0ZMMBkmK72R4aeA,RPP Noticias,PLKB9XoDgSNZykIia82u-pLMpy9K2snvXz,RPP ECONOM√çA,2022-03-29T21:02:52Z,Espacio econ√≥mico de RPP Noticias para las plataformas digitales con la conducci√≥n de Valeria Fuertes.,139
95,UC5j8-2FT0ZMMBkmK72R4aeA,RPP Noticias,PLKB9XoDgSNZzOokG8q7U_CiDGKeDknTpz,MOCI√ìN DE VACANCIA PRESIDENCIAL,2022-03-28T13:48:43Z,Conoce todo sobre la moci√≥n de vacancia contra el presidente Pedro Castillo con RPP Noticias.,23
96,UC5j8-2FT0ZMMBkmK72R4aeA,RPP Noticias,PLKB9XoDgSNZww4bJxZJFFWJu6IhpY1OuC,RESUMEN ADN,2022-03-25T15:19:09Z,,383
97,UC5j8-2FT0ZMMBkmK72R4aeA,RPP Noticias,PLKB9XoDgSNZzItiqSHsp9GQl2zsjwzufd,LAS 3 DEL TANKE,2022-03-24T20:43:28Z,,20
98,UC5j8-2FT0ZMMBkmK72R4aeA,RPP Noticias,PLKB9XoDgSNZxuin5F1PwZh35Civmm2L7g,DEPORTES EE.UU / M√âXICO,2022-03-24T20:43:10Z,,12
99,UC5j8-2FT0ZMMBkmK72R4aeA,RPP Noticias,PLKB9XoDgSNZwuerNHRL7LCKfX0zg-UBY_,POLIDEPORTIVO,2022-03-24T20:42:43Z,,18
100,UC5j8-2FT0ZMMBkmK72R4aeA,RPP Noticias,PLKB9XoDgSNZwcmhAgDpx5zlZF8Bn1wlEY,FCC INTERNACIONAL,2022-03-24T20:42:15Z,,11
101,UC5j8-2FT0ZMMBkmK72R4aeA,RPP Noticias,PLKB9XoDgSNZywqADUlEijDP0Zhqc4in-M,FCC PERUANOS EN EL EXTRANJERO,2022-03-24T20:39:23Z,,50
102,UC5j8-2FT0ZMMBkmK72R4aeA,RPP Noticias,PLKB9XoDgSNZwInYzGVtbOFkq9oY42y0Qr,VIERNES ECON√ìMICOS,2022-03-23T23:19:38Z,Con Guadalupe Gamboa,46
103,UC5j8-2FT0ZMMBkmK72R4aeA,RPP Noticias,PLKB9XoDgSNZxXylYXvVAlccBBN_Og9aP7,NIUSGEEK,2022-03-23T22:57:38Z,,139
104,UC5j8-2FT0ZMMBkmK72R4aeA,RPP Noticias,PLKB9XoDgSNZzn634tCcrpVUtKBiWL38DP,ALBERTO FUJIMORI: TC APRUEBA H√ÅBEAS CORPUS,2022-03-17T19:00:50Z,"Con votos de los magistrados Ernesto Blume, Jos√© Luis Sard√≥n y Luis Ferrero, el Tribunal Constitucional le concedi√≥ el h√°beas corpus al expresidente Alberto Fujimori. Con esta decisi√≥n, el exmandatario puede salir en libertad.",74
105,UC5j8-2FT0ZMMBkmK72R4aeA,RPP Noticias,PLKB9XoDgSNZxvsTRioJKswfABtlloemrs,DERRUMBE EN PATAZ,2022-03-15T17:15:47Z,,24
106,UC5j8-2FT0ZMMBkmK72R4aeA,RPP Noticias,PLKB9XoDgSNZyZkbaKoVNeRL4ihbrj6jdj,EN PRIMERA FILA,2022-03-05T04:33:55Z,,1
107,UC5j8-2FT0ZMMBkmK72R4aeA,RPP Noticias,PLKB9XoDgSNZwPzRcjyPNM5Q14s3OOJu7t,A LAS 10 C0N ALAN DIEZ,2022-03-04T14:27:36Z,,31
108,UC5j8-2FT0ZMMBkmK72R4aeA,RPP Noticias,PLKB9XoDgSNZwZDEJarqI5IzmBpWE3qlQn,PESCA ILEGAL EN PER√ö,2022-03-01T14:09:34Z,Informes sobre la pesca ilegal en distintas regiones del Per√∫.,9
109,UC5j8-2FT0ZMMBkmK72R4aeA,RPP Noticias,PLKB9XoDgSNZxuYZLMf5Y1rNVRmKK4y4WG,VOTO DE CONFIANZA,2022-02-27T19:00:12Z,,48
110,UC5j8-2FT0ZMMBkmK72R4aeA,RPP Noticias,PLKB9XoDgSNZx0ntJlCUTSHo5vJxeP1WUi,GUERRA EN UCRANIA,2022-02-24T20:35:56Z,Las √∫ltimas noticias sobre el conflicto entre Rusia y Ucrania.,60
111,UC5j8-2FT0ZMMBkmK72R4aeA,RPP Noticias,PLKB9XoDgSNZyUz7D6pmLhGHzttDpj9yUD,F√öTBOL FEMENINO,2022-02-16T14:46:16Z,,32
112,UC5j8-2FT0ZMMBkmK72R4aeA,RPP Noticias,PLKB9XoDgSNZyFeIOWQZLCb6rpoXWA1GJ1,TECNOLOG√çA RPP,2022-02-15T14:35:57Z,,220
113,UC5j8-2FT0ZMMBkmK72R4aeA,RPP Noticias,PLKB9XoDgSNZx-JzhXrUsjrJw79NUpzh8Z,SALUD PER√ö,2022-02-10T19:45:29Z,,1161
114,UC5j8-2FT0ZMMBkmK72R4aeA,RPP Noticias,PLKB9XoDgSNZw-SU_RhJtOqDJwU4bMSuwB,CUESTIONAMIENTOS A H√âCTOR VALER,2022-02-04T23:17:35Z,,40
115,UC5j8-2FT0ZMMBkmK72R4aeA,RPP Noticias,PLKB9XoDgSNZyD0afpM7nsXx347jjU-sBr,SISMO DE 6.8 EN AMAZONAS,2022-02-03T16:26:28Z,,5
116,UC5j8-2FT0ZMMBkmK72R4aeA,RPP Noticias,PLKB9XoDgSNZzyBbmNyn15mySsqG2304ib,REGRESEMOS A CLASES 2022,2022-01-31T17:35:02Z,,11
117,UC5j8-2FT0ZMMBkmK72R4aeA,RPP Noticias,PLKB9XoDgSNZy3PYnSW4WBQcmk-JMYp-vu,SELECCI√ìN PERUANA: CAMINO A QATAR 2022,2022-01-29T00:08:40Z,Vive toda la emoci√≥n del andar de la selecci√≥n peruana en la eliminatoria a Qatar 2022 con RPP Noticias.,202
118,UC5j8-2FT0ZMMBkmK72R4aeA,RPP Noticias,PLKB9XoDgSNZxi28e0WucY8diP5Hx54-7c,Consejo vital,2022-01-26T23:22:39Z,,7
119,UC5j8-2FT0ZMMBkmK72R4aeA,RPP Noticias,PLKB9XoDgSNZwxJPCyIZFN5ud0TiYIoCmb,PER√ö: VACUNACI√ìN A NI√ëOS DE 5 A 11 A√ëOS,2022-01-24T21:25:24Z,Toda la informaci√≥n sobre c√≥mo avanza la campa√±a de vacunaci√≥n a ni√±os en Lima y regiones.,12
120,UC5j8-2FT0ZMMBkmK72R4aeA,RPP Noticias,PLKB9XoDgSNZxUtGhDx-tM5BZV9kB0kw5s,DERRAME DE PETR√ìLEO PER√ö,2022-01-19T18:22:17Z,Toda la informaci√≥n sobre lo ocurrido durante y despu√©s del derrame petrolero en Ventanilla.,39
121,UC5j8-2FT0ZMMBkmK72R4aeA,RPP Noticias,PLKB9XoDgSNZwqmekXeq-Kyr-8KkUjc8Wx,DI√ÅLOGO DE FE 2022,2022-01-08T15:42:36Z,,49
122,UC5j8-2FT0ZMMBkmK72R4aeA,RPP Noticias,PLKB9XoDgSNZyBh2K1-wopMkYvyXBls0Bh,Sismo en Lima,2022-01-07T14:08:04Z,,6
123,UC5j8-2FT0ZMMBkmK72R4aeA,RPP Noticias,PLKB9XoDgSNZzZmAfSUd71ZeUwCHaKFDoL,CES 2022,2022-01-05T20:31:19Z,,5
124,UC5j8-2FT0ZMMBkmK72R4aeA,RPP Noticias,PLKB9XoDgSNZxKRhu9VIk4erxY62DZKun1,Valor Compartido,2021-11-22T15:24:24Z,,19
125,UC5j8-2FT0ZMMBkmK72R4aeA,RPP Noticias,PLKB9XoDgSNZzbclAxxwTrN9Y8wYd8KXTL,CADE Ejecutivos,2021-11-16T14:45:15Z,,9
126,UC5j8-2FT0ZMMBkmK72R4aeA,RPP Noticias,PLKB9XoDgSNZyJUOckPeHfQ9qozlGWLquc,Voto de confianza: Gabinete de Mirtha V√°squez,2021-11-04T14:58:20Z,,4
127,UC5j8-2FT0ZMMBkmK72R4aeA,RPP Noticias,PLKB9XoDgSNZysg5ZsZyw2VRnmLXCQFDl9,Due√±as de su futuro,2021-10-11T20:02:33Z,,4
128,UC5j8-2FT0ZMMBkmK72R4aeA,RPP Noticias,PLKB9XoDgSNZzJS6Wy7lcpEOAcmblACMEh,"EMERGENCIA POR LLUVIAS: TE ESCUCHAMOS, PER√ö",2021-09-20T15:45:09Z,,311
129,UC5j8-2FT0ZMMBkmK72R4aeA,RPP Noticias,PLKB9XoDgSNZxSZARVaz4AgHnDkgheIh_r,Per√∫ üáµüá™ - Brasil üáßüá∑,2021-09-09T13:02:10Z,,5
130,UC5j8-2FT0ZMMBkmK72R4aeA,RPP Noticias,PLKB9XoDgSNZyr8ARSzv9yl5c5B8dr5vgl,IV Foro Mujeres de cambio,2021-08-25T14:49:57Z,,18
131,UC5j8-2FT0ZMMBkmK72R4aeA,RPP Noticias,PLKB9XoDgSNZylXWnhWDDbT9Dj7f9rzn_w,RPP en Pucacuro,2021-08-25T13:26:05Z,,17
132,UC5j8-2FT0ZMMBkmK72R4aeA,RPP Noticias,PLKB9XoDgSNZzkKrfyEA-eBHD_yZXDkXRP,PER√ö: GRAN PARADA MILITAR 2021,2021-07-30T20:36:41Z,,8
133,UC5j8-2FT0ZMMBkmK72R4aeA,RPP Noticias,PLKB9XoDgSNZzDp9EHk1QBahppMdO4e5UO,CAMBIO DE MANDO PER√ö 2021,2021-07-27T15:35:46Z,,84
134,UC5j8-2FT0ZMMBkmK72R4aeA,RPP Noticias,PLKB9XoDgSNZz6tuX-0TVCLapLW1WwAQ1O,FIESTAS PATRIAS: Bicentenario del Per√∫,2021-07-27T15:35:27Z,,43
135,UC5j8-2FT0ZMMBkmK72R4aeA,RPP Noticias,PLKB9XoDgSNZxPtmSnYM1cSRo9dYJkmd6V,TOKIO 2020,2021-07-21T13:48:02Z,Cobertura de los atletas peruanos en los Juegos Ol√≠mpicos Tokio 2020.,4
136,UC5j8-2FT0ZMMBkmK72R4aeA,RPP Noticias,PLKB9XoDgSNZwaqzwCbMjcexcTi6rxJHFY,VAC√öNATE CONTRA LA COVID-19,2021-07-13T14:22:46Z,,11
137,UC5j8-2FT0ZMMBkmK72R4aeA,RPP Noticias,PLKB9XoDgSNZwU6-4LXkuw73hSRUDTZSTj,ELECCIONES 2021: AUDIENCIAS P√öBLICAS,2021-06-17T13:53:43Z,,16
138,UC5j8-2FT0ZMMBkmK72R4aeA,RPP Noticias,PLKB9XoDgSNZyuyV6atIMXThDJIrIyGWTT,GRANDES DESCUBRIMIENTOS DEL PER√ö 2021,2021-05-31T12:36:30Z,,13
139,UC5j8-2FT0ZMMBkmK72R4aeA,RPP Noticias,PLKB9XoDgSNZwAkJhXP2MhIbRw4VNK-Qog,LAS COSAS COMO SON,2021-04-27T00:23:39Z,Fernando Carvallo selecciona la informaci√≥n y comparte su visi√≥n de la actualidad nacional e internacional.,2978
140,UC5j8-2FT0ZMMBkmK72R4aeA,RPP Noticias,PLKB9XoDgSNZyz5yAYwqv09QtM0gsTEpgH,Elecciones 2021 - Entrevistas,2021-04-12T00:31:57Z,,11
141,UC5j8-2FT0ZMMBkmK72R4aeA,RPP Noticias,PLKB9XoDgSNZwHyAnqGGt0ePo1S3CIt8O7,Elecciones 2021 - Regiones,2021-04-11T23:20:57Z,,19
142,UC5j8-2FT0ZMMBkmK72R4aeA,RPP Noticias,PLKB9XoDgSNZyjbEBLCrzAY6MYxa6_cwCn,Mensajes finales - candidatos presidenciales 2021,2021-04-09T14:42:43Z,,14
143,UC5j8-2FT0ZMMBkmK72R4aeA,RPP Noticias,PLKB9XoDgSNZyikp045R0quWeamWREHk2I,ELECCIONES 2021,2021-03-29T13:15:28Z,La informaci√≥n al momento sobre la elecci√≥n presidencial entre Pedro Castillo y Keiko Fujimori.,558
144,UC5j8-2FT0ZMMBkmK72R4aeA,RPP Noticias,PLKB9XoDgSNZyZpEEWZcthWFDvYxDk2MGq,COVID-19: VARIANTE BRASILE√ëA,2021-03-26T13:06:24Z,,25
145,UC5j8-2FT0ZMMBkmK72R4aeA,RPP Noticias,PLKB9XoDgSNZxiaGMGYQ96J0zOeSXH981N,Candidatos en un 2x3,2021-03-04T19:03:56Z,,12
146,UC5j8-2FT0ZMMBkmK72R4aeA,RPP Noticias,PLKB9XoDgSNZzTUvCHARUF0evDizNIGtb0,(E)LECCIONES EN PANDEMIA,2021-03-02T15:21:11Z,,1
147,UC5j8-2FT0ZMMBkmK72R4aeA,RPP Noticias,PLKB9XoDgSNZzpe0aVj4VWQ7CpxKo7ycx5,CUIDANDO TU SALUD,2021-02-23T15:11:08Z,,39
148,UC5j8-2FT0ZMMBkmK72R4aeA,RPP Noticias,PLKB9XoDgSNZyW4PbOrv9nTaljZ6oXCgH0,Vacuna Sinopharm en el Per√∫,2021-02-08T04:14:02Z,,37
149,UC5j8-2FT0ZMMBkmK72R4aeA,RPP Noticias,PLKB9XoDgSNZw8Ran46iCIR-Ekic1wcw3V,Di√°logo de fe 2021,2021-02-06T15:41:09Z,,25
150,UC5j8-2FT0ZMMBkmK72R4aeA,RPP Noticias,PLKB9XoDgSNZzalkc8-8oXFqqpL2AB8WA6,Avanzando Juntos,2021-02-02T16:13:51Z,,17
151,UC5j8-2FT0ZMMBkmK72R4aeA,RPP Noticias,PLKB9XoDgSNZytUkCL5sRnbNft6qUG9HPt,Debate Online de RPP,2021-01-28T20:35:10Z,,10
152,UC5j8-2FT0ZMMBkmK72R4aeA,RPP Noticias,PLKB9XoDgSNZyc5F10pVmRLRALoNvBhSOW,ESPACIO VITAL,2021-01-26T19:03:18Z,Un programa dedicado a desarrollar temas de salud y brindar informaci√≥n basada en ciencia y evidencia. Con la conducci√≥n del Dr. Elmer Huerta.,917
153,UC5j8-2FT0ZMMBkmK72R4aeA,RPP Noticias,PLKB9XoDgSNZxCt0w-vRElNhEAEZKADbgX,PING PONG ELECTORAL,2021-01-21T22:25:59Z,,3
154,UC5j8-2FT0ZMMBkmK72R4aeA,RPP Noticias,PLKB9XoDgSNZxQzUTimAUjH7RWy2yPbOLC,HISTORIA DESTACADA - RPP,2021-01-16T01:22:11Z,,1
155,UC5j8-2FT0ZMMBkmK72R4aeA,RPP Noticias,PLKB9XoDgSNZxSrK4dqd20gtBPvfRAp1Ex,LOS M√ÅS VISTOS - RPP NOTICIAS,2021-01-11T21:38:31Z,,95
156,UC5j8-2FT0ZMMBkmK72R4aeA,RPP Noticias,PLKB9XoDgSNZwrr-KF_I8xtApbl3ByszB6,EN VIVO - RPP NOTICIAS,2021-01-11T12:31:23Z,La noticia que le interesa al Per√∫ en el momento. Directo en directo.,801
157,UC5j8-2FT0ZMMBkmK72R4aeA,RPP Noticias,PLKB9XoDgSNZxjMSX621xkDQt9mB5NOmpP,FCC ONLINE,2020-12-18T17:56:55Z,Los comentarios sobre la actualidad del f√∫tbol peruano los conseguir√°s en F√∫tbol Como Cancha Online.,206
158,UC5j8-2FT0ZMMBkmK72R4aeA,RPP Noticias,PLKB9XoDgSNZyrucLjAX2_lZWuJFxpSwbW,III FORO MUJERES DE CAMBIO,2020-08-31T16:02:34Z,,6
159,UC5j8-2FT0ZMMBkmK72R4aeA,RPP Noticias,PLKB9XoDgSNZxSVnTGvgZjYFsp5nn_6hGc,NO ESTAMOS SOLOS,2020-08-31T14:46:20Z,,21
160,UC5j8-2FT0ZMMBkmK72R4aeA,RPP Noticias,PLKB9XoDgSNZwGiKUMj9nNkLvS5SwwvANr,EL PODER EN TUS MANOS,2020-08-17T17:34:05Z,,1388
161,UC5j8-2FT0ZMMBkmK72R4aeA,RPP Noticias,PLKB9XoDgSNZy2ZNr-VcW84gg5mPUZ_2LM,ACTUALIDAD,2020-07-29T21:48:32Z,,464
162,UC5j8-2FT0ZMMBkmK72R4aeA,RPP Noticias,PLKB9XoDgSNZxrrIf5tUyx-dqPby-OVxwd,INFORMES RPP,2020-06-26T18:52:53Z,,72
163,UC5j8-2FT0ZMMBkmK72R4aeA,RPP Noticias,PLKB9XoDgSNZw6_kpsDzgZrZYolCMWP9Du,Foro Integraci√≥n al Bicentenario,2020-05-28T14:47:26Z,,9
164,UC5j8-2FT0ZMMBkmK72R4aeA,RPP Noticias,PLKB9XoDgSNZyX2UBEUb3FwNTETmiEamXf,ECONOM√çA PER√ö,2020-05-20T14:28:06Z,La informaci√≥n m√°s importante de los programas de RPP Noticias acerca de la econom√≠a peruana.,1690
165,UC5j8-2FT0ZMMBkmK72R4aeA,RPP Noticias,PLKB9XoDgSNZyv2td1WQfnntvUyRRf2QRa,Peruanos Camiseta,2020-05-19T15:26:01Z,,5
166,UC5j8-2FT0ZMMBkmK72R4aeA,RPP Noticias,PLKB9XoDgSNZwpKUM_TNLCw4tsHjIa2zvi,CORONAVIRUS EN EL MUNDO,2020-05-11T23:42:35Z,,21
167,UC5j8-2FT0ZMMBkmK72R4aeA,RPP Noticias,PLKB9XoDgSNZw2sSGhW60YX_QUDm1aHtLX,TODO SOBRE EL CORONAVIRUS,2020-04-02T19:10:46Z,Toda las entrevistas y recomendaciones que se generan en RPP Noticias sobre la COVID-19 y sus variantes la podr√°s encontrar en este lugar.,4525
168,UC5j8-2FT0ZMMBkmK72R4aeA,RPP Noticias,PLKB9XoDgSNZyXU_-J3_5k_u1_zFHZkalR,¬øC√ìMO SOMOS LOS PERUANOS? | 2da. Temporada,2020-02-04T22:17:32Z,,7
169,UC5j8-2FT0ZMMBkmK72R4aeA,RPP Noticias,PLKB9XoDgSNZw2YqVGkrBuVik-YxGGnSnC,DW,2020-01-22T19:04:47Z,,88
170,UC5j8-2FT0ZMMBkmK72R4aeA,RPP Noticias,PLKB9XoDgSNZyt3xI00zAVDSgM-GvXyvxp,FORO CIUDADES CON FUTURO,2020-01-13T19:26:34Z,,43
171,UC5j8-2FT0ZMMBkmK72R4aeA,RPP Noticias,PLKB9XoDgSNZw8Zr1saqcgAT02dmar2HLV,DI√ÅLOGO DE FE - 2020,2020-01-13T19:20:30Z,,36
172,UC5j8-2FT0ZMMBkmK72R4aeA,RPP Noticias,PLKB9XoDgSNZwbnWvO2pkgHiBRyyHEvueO,OCURRI√ì EN EL 2019,2020-01-01T18:02:36Z,,6
173,UC5j8-2FT0ZMMBkmK72R4aeA,RPP Noticias,PLKB9XoDgSNZzimu01113IfjV_nyJNnO8F,DI√ÅLOGO DE FE - 2019,2019-12-16T15:09:31Z,,7
174,UC5j8-2FT0ZMMBkmK72R4aeA,RPP Noticias,PLKB9XoDgSNZz3O9FYU_5f_-w1aIBQf0Vs,LAS CLAVES DEL D√çA,2019-12-13T03:20:43Z,Con Valerie V√°squez de Velasco,332
175,UC5j8-2FT0ZMMBkmK72R4aeA,RPP Noticias,PLKB9XoDgSNZxv_9z8UBnK2BDAUmjtdf9J,INTERNACIONALES RPP,2019-12-12T23:01:14Z,,72
176,UC5j8-2FT0ZMMBkmK72R4aeA,RPP Noticias,PLKB9XoDgSNZzxlJORd9qr87ZxeGkJXEMo,PROGAMER RPP,2019-12-12T15:16:45Z,"Un programa semanal dedicado a abordar todo lo relacionado con el mundo del gaming: las √∫ltimas noticias de los lanzamientos, torneos, trucos y m√°s en la secci√≥n de videojuegos de RPP Noticias.",25
177,UC5j8-2FT0ZMMBkmK72R4aeA,RPP Noticias,PLKB9XoDgSNZxPpS5G4Xe9cbhsBqJnDOgP,Sus 4 Verdades,2019-12-03T01:28:14Z,,2
178,UC5j8-2FT0ZMMBkmK72R4aeA,RPP Noticias,PLKB9XoDgSNZyZeB5aX0genIt-TgbVdLnz,ELECCIONES 2020,2019-11-26T17:13:59Z,,281
179,UC5j8-2FT0ZMMBkmK72R4aeA,RPP Noticias,PLKB9XoDgSNZzJAT8SSMSauh0OFnZ-k3qY,LA ROTATIVA DEL AIRE,2019-11-26T14:55:37Z,Las noticias m√°s importantes del Per√∫ y el mundo.,4995
180,UC5j8-2FT0ZMMBkmK72R4aeA,RPP Noticias,PLKB9XoDgSNZxFFszXWElySiAeon5KDCsr,ENCENDIDOS,2019-11-26T14:12:26Z,"Te contamos noticias de actualidad, salud, deportes y entretenimiento.",3762
181,UC5j8-2FT0ZMMBkmK72R4aeA,RPP Noticias,PLKB9XoDgSNZwLSzLKy8oH4pHGuTXHhbtx,CENTRAL DE INFORMACIONES,2019-11-26T14:11:35Z,,1173
182,UC5j8-2FT0ZMMBkmK72R4aeA,RPP Noticias,PLKB9XoDgSNZzffXO8BYlsx7GBDq6ZBG8O,Foro Desarrollo Infantil Temprano,2019-11-15T20:24:25Z,,8
183,UC5j8-2FT0ZMMBkmK72R4aeA,RPP Noticias,PLKB9XoDgSNZyOOqeRaBT7CqoxDv3kV7AE,Desarollo Infantil Temprano,2019-11-15T18:45:29Z,,8
184,UC5j8-2FT0ZMMBkmK72R4aeA,RPP Noticias,PLKB9XoDgSNZwzx3ZcmOUN-zFWyIPviPqb,Adelanto de Elecciones 2019,2019-09-26T18:44:23Z,,19
185,UC5j8-2FT0ZMMBkmK72R4aeA,RPP Noticias,PLKB9XoDgSNZzeVIqHk8nQX94GstYwnzFQ,II Foro Mujeres de Cambio,2019-08-27T03:21:23Z,,14
186,UC5j8-2FT0ZMMBkmK72R4aeA,RPP Noticias,PLKB9XoDgSNZwt4Izj8sdXL8-S-Wi888jK,Mujeres de Cambio,2019-08-26T23:19:44Z,,38
187,UC5j8-2FT0ZMMBkmK72R4aeA,RPP Noticias,PLKB9XoDgSNZyfFmF99Sovw6bQnLJxIW9d,¬øC√≥mo Somos Los Peruanos?,2019-08-06T00:59:01Z,,12
188,UC5j8-2FT0ZMMBkmK72R4aeA,RPP Noticias,PLKB9XoDgSNZyV7AxmsQE9y5eUgVDJuiNM,ENFOQUE DE LOS S√ÅBADOS,2019-07-15T11:32:56Z,,445
189,UC5j8-2FT0ZMMBkmK72R4aeA,RPP Noticias,PLKB9XoDgSNZz3YE5b4nyYDVqL2O7RKO31,RPP Al Volante,2019-07-09T15:54:40Z,,35
190,UC5j8-2FT0ZMMBkmK72R4aeA,RPP Noticias,PLKB9XoDgSNZyCJcLfNbV55j34nOuM1x-q,TODO EST√Å DICHO,2019-07-09T14:56:26Z,,3
191,UC5j8-2FT0ZMMBkmK72R4aeA,RPP Noticias,PLKB9XoDgSNZx65gs9YfDxO_vyMKvyFfDa,ECONOM√çA PARA TODOS,2019-07-01T19:47:03Z,,1970
192,UC5j8-2FT0ZMMBkmK72R4aeA,RPP Noticias,PLKB9XoDgSNZzAnpzRLmWx_pvAnR29wxE4,LOS CHISTOSOS,2019-05-13T21:22:40Z,,57
193,UC5j8-2FT0ZMMBkmK72R4aeA,RPP Noticias,PLKB9XoDgSNZxUT3LQW73MDQkwPsCUaEaN,Radio Capital,2019-03-08T17:00:53Z,,2
194,UC5j8-2FT0ZMMBkmK72R4aeA,RPP Noticias,PLKB9XoDgSNZwS0gIKgcA-sHncHtCbrxpq,√öltimo Momento,2019-02-20T22:19:13Z,,3
195,UC5j8-2FT0ZMMBkmK72R4aeA,RPP Noticias,PLKB9XoDgSNZw23BmMkKLrD13W-uIQUiBE,RPP OCURRI√ì 2018,2018-12-26T20:59:33Z,,24
196,UC5j8-2FT0ZMMBkmK72R4aeA,RPP Noticias,PLKB9XoDgSNZzbcmcdiPFbyeeb8shgfPF_,FORO MUJERES DE CAMBIO,2018-11-22T22:42:02Z,,27
197,UC5j8-2FT0ZMMBkmK72R4aeA,RPP Noticias,PLKB9XoDgSNZxr8tvi8VN9wPxRLuST9TMX,TODO EMPIEZA AQU√ç,2018-09-10T15:27:09Z,,13
198,UC5j8-2FT0ZMMBkmK72R4aeA,RPP Noticias,PLKB9XoDgSNZzxb6euiIM18HvkdMXAIfxj,HIMNO NACIONAL DEL PER√ö,2018-07-28T17:02:27Z,,4
199,UC5j8-2FT0ZMMBkmK72R4aeA,RPP Noticias,PLKB9XoDgSNZw6uIkscFs7WBJ81DV9_N5F,RPP EN LA HISTORIA,2018-07-26T00:48:12Z,,8
200,UC5j8-2FT0ZMMBkmK72R4aeA,RPP Noticias,PLKB9XoDgSNZw0x0VBt7Xy9PpxdgnFGdVu,AMPLIACI√ìN DE NOTICIAS,2018-05-16T14:59:55Z,"La noticia en voz de los protagonistas. Con Fernando Carvallo, Mabel Huertas y Carlos Villarreal.",4994
201,UC5j8-2FT0ZMMBkmK72R4aeA,RPP Noticias,PLKB9XoDgSNZyMMQGOt_ZAfmK3lwFrV_aN,CRISIS POL√çTICA,2018-05-15T19:11:45Z,,403
202,UC5j8-2FT0ZMMBkmK72R4aeA,RPP Noticias,PLKB9XoDgSNZzQ1pwC8liM_Pe6GGKPR5O-,PROMOCIONES RPP,2018-05-10T21:03:42Z,,8
203,UC5j8-2FT0ZMMBkmK72R4aeA,RPP Noticias,PLKB9XoDgSNZyNbEOs4oCoheXZE6p_jcC_,FORO INTEGRACI√ìN AL BICENTENARIO,2018-04-25T02:44:57Z,,94
204,UC5j8-2FT0ZMMBkmK72R4aeA,RPP Noticias,PLKB9XoDgSNZyqML4CnrOj1fulckYnOtGm,¬øQUI√âN TIENE LA RAZ√ìN?,2018-03-06T22:22:26Z,,799
205,UC5j8-2FT0ZMMBkmK72R4aeA,RPP Noticias,PLKB9XoDgSNZxi9wUwruoMTlvIrtOU5prq,NADA EST√Å DICHO,2018-03-06T22:17:55Z,Conversamos con los personajes que marcan la agenda nacional.,2644
206,UC5j8-2FT0ZMMBkmK72R4aeA,RPP Noticias,PLKB9XoDgSNZwCebr-jr5H8mFjp7bf_peg,MUNDIAL RUSIA 2018,2018-02-26T21:02:00Z,,17
207,UC5j8-2FT0ZMMBkmK72R4aeA,RPP Noticias,PLKB9XoDgSNZwhAxfLZR-DROhmm32-vfmL,VISITA PAPAL,2018-01-26T14:58:11Z,,3
208,UC5j8-2FT0ZMMBkmK72R4aeA,RPP Noticias,PLKB9XoDgSNZzedKDdwQNY4DB6f9lee8d-,RPP PLAYER,2018-01-10T14:53:19Z,,4
209,UC5j8-2FT0ZMMBkmK72R4aeA,RPP Noticias,PLKB9XoDgSNZw1nyFKOceDxkMZPfhTBy0e,RPP OCURRI√ì 2017,2018-01-01T20:22:54Z,,15
210,UC5j8-2FT0ZMMBkmK72R4aeA,RPP Noticias,PLKB9XoDgSNZz4qaqCqLPFAQWBF8VWCPE2,LO M√ÅS VISTO DE RPP YOUTUBE,2017-09-19T18:01:07Z,,17
211,UC5j8-2FT0ZMMBkmK72R4aeA,RPP Noticias,PLKB9XoDgSNZynl4gLuBJgD2rxLuuuC3yK,CENTRAL DE INFORMACIONES 2017,2017-09-01T19:10:06Z,,14
212,UC5j8-2FT0ZMMBkmK72R4aeA,RPP Noticias,PLKB9XoDgSNZxIrdRpbMEQZFno5B8hFVB8,AMPLIACI√ìN DE NOTICIAS - 2017,2017-08-24T17:21:53Z,,53
213,UC5j8-2FT0ZMMBkmK72R4aeA,RPP Noticias,PLKB9XoDgSNZwwhKI4RjDsUMkD9jVqb7YP,TODO SE SABE,2017-08-24T16:44:39Z,,239
214,UC5j8-2FT0ZMMBkmK72R4aeA,RPP Noticias,PLKB9XoDgSNZyfiO718EPKl6HzLRbgdI5D,Fiestas Patrias 2017 Celebra Per√∫,2017-07-29T13:31:30Z,,1
215,UC5j8-2FT0ZMMBkmK72R4aeA,RPP Noticias,PLKB9XoDgSNZyXikXJFlVS1xZp_mycbL09,RPP 360,2017-05-26T18:25:47Z,,5
216,UC5j8-2FT0ZMMBkmK72R4aeA,RPP Noticias,PLKB9XoDgSNZwusXNzSKuR9AJKurXsJLNq,RPP NOTICIAS MAYO 2017,2017-05-08T18:46:03Z,,1
217,UC5j8-2FT0ZMMBkmK72R4aeA,RPP Noticias,PLKB9XoDgSNZzD_ADD_uN221HGAdQIM_CG,RPP NOTICIAS ABRIL 2017,2017-04-03T18:32:39Z,,8
218,UC5j8-2FT0ZMMBkmK72R4aeA,RPP Noticias,PLKB9XoDgSNZxx49iaVrYNqGpvp6JeJivP,ESPECIAL FEN√ìMENO EL NI√ëO COSTERO‚îÇRPP,2017-03-24T19:25:16Z,,9
219,UC5j8-2FT0ZMMBkmK72R4aeA,RPP Noticias,PLKB9XoDgSNZyZBrq8Mds8fvAbiqnveb0y,RPP TIEMPO DE SALUD,2017-03-01T17:42:29Z,,3
220,UC5j8-2FT0ZMMBkmK72R4aeA,RPP Noticias,PLKB9XoDgSNZyocRnVLMtd4EHJwMW2x_F1,RPP NOTICIAS MARZO 2017,2017-03-01T13:52:01Z,,33
221,UC5j8-2FT0ZMMBkmK72R4aeA,RPP Noticias,PLKB9XoDgSNZySuT0SL9Lopjii2hsrqsoj,RPP NOTICIAS FEBRERO 2017,2017-02-07T14:40:26Z,,22
222,UC5j8-2FT0ZMMBkmK72R4aeA,RPP Noticias,PLKB9XoDgSNZy23fvqpkQb720_0YQYbBMw,RPP DATA,2017-01-03T23:21:22Z,,115
223,UC5j8-2FT0ZMMBkmK72R4aeA,RPP Noticias,PLKB9XoDgSNZwxe6iMWN9Y5WvBUptqarAD,RPP NOTICIAS ENERO 2017,2017-01-02T13:29:29Z,,46
224,UC5j8-2FT0ZMMBkmK72R4aeA,RPP Noticias,PLKB9XoDgSNZz9Oxo704bihK8wdmpEzd_Z,RPP OCURRI√ì 2016,2016-12-24T03:49:14Z,"Las noticias m√°s impactantes y destacadas del a√±o, informes especiales que resumen el a√±o 2016 en Per√∫ y el mundo, realizado por el equipo de producci√≥n y post producci√≥n del GRUPO RPP.",31
225,UC5j8-2FT0ZMMBkmK72R4aeA,RPP Noticias,PLKB9XoDgSNZxyw_ChXdg_gbpDZzqjMTxP,RPP NOTICIAS DICIEMBRE 2016,2016-12-01T13:30:57Z,,51
226,UC5j8-2FT0ZMMBkmK72R4aeA,RPP Noticias,PLKB9XoDgSNZxgjwkJ_aZvRnbIw1TjldAp,Comentario del mes del presidente,2016-11-03T15:05:51Z,,1
227,UC5j8-2FT0ZMMBkmK72R4aeA,RPP Noticias,PLKB9XoDgSNZzKov5mz4jG8FIOqYFcnlfJ,RPP NOTICIAS NOVIEMBRE 2016,2016-11-01T13:32:03Z,,96
228,UC5j8-2FT0ZMMBkmK72R4aeA,RPP Noticias,PLKB9XoDgSNZxAXYOvuMqYmUKf_Lih0Obk,MARAT√ìN RPP SCOTIABANK 2016,2016-10-09T12:41:08Z,,18
229,UC5j8-2FT0ZMMBkmK72R4aeA,RPP Noticias,PLKB9XoDgSNZxNauMAMefeZCOdhh7ftUzi,RPP NOTICIAS OCTUBRE 2016,2016-10-03T18:12:47Z,,78
230,UC5j8-2FT0ZMMBkmK72R4aeA,RPP Noticias,PLKB9XoDgSNZy6si6oPItI47D4xUk3fxnb,Marat√≥n RPP Scotiabank 2016,2016-09-02T16:43:10Z,"¬°Todos invitados este 9 de octubre a la #Marat√≥nRPP Scotiabank 2016 10K y 21K!
INSCR√çBETE AQU√ç ‚ñ∫ http://goo.gl/uRBr6s
www.maratonrpp.pe
Cierre de inscripciones: 2 de octubre
¬°Todos llevamos un runner dentro!",6
231,UC5j8-2FT0ZMMBkmK72R4aeA,RPP Noticias,PLKB9XoDgSNZz-s2AibO89Z-rv4DELAfmO,RPP NOTICIAS SETIEMBRE 2016,2016-09-01T18:18:05Z,,93
232,UC5j8-2FT0ZMMBkmK72R4aeA,RPP Noticias,PLKB9XoDgSNZwCxqYPEhDDschhDwG8PHyI,RPP NOTICIAS AGOSTO 2016,2016-08-01T13:29:21Z,,111
233,UC5j8-2FT0ZMMBkmK72R4aeA,RPP Noticias,PLKB9XoDgSNZzPHIg6s70nvYtvYwUwlFMJ,FIESTAS PATRIAS 2016 RPP,2016-07-28T14:59:06Z,,30
234,UC5j8-2FT0ZMMBkmK72R4aeA,RPP Noticias,PLKB9XoDgSNZzm0sQKqAfGHMcck02-Gbyn,RPP NOTICIAS JULIO 2016,2016-07-01T15:33:27Z,,119
235,UC5j8-2FT0ZMMBkmK72R4aeA,RPP Noticias,PLKB9XoDgSNZy8RcSscLt4s7nKV2r_me-7,RPP SEGUNDA VUELTA PRESIDENCIAL,2016-06-05T13:51:49Z,,11
236,UC5j8-2FT0ZMMBkmK72R4aeA,RPP Noticias,PLKB9XoDgSNZytblP5dNPVDkFlKQs4Ln6S,RPP NOTICIAS JUNIO 2016,2016-06-02T17:34:29Z,,81
237,UC5j8-2FT0ZMMBkmK72R4aeA,RPP Noticias,PLKB9XoDgSNZyPv041USP1uKzv_ke7Augh,DEBATE PRESIDENCIAL 2016 - LIMA,2016-05-30T00:18:35Z,,15
238,UC5j8-2FT0ZMMBkmK72R4aeA,RPP Noticias,PLKB9XoDgSNZz8hCfoqdvw6j3lmFai9L6O,RPP - DEBATE PRESIDENCIAL DESCENTRALIZADO  2016 - PIURA,2016-05-23T00:16:33Z,,12
239,UC5j8-2FT0ZMMBkmK72R4aeA,RPP Noticias,PLKB9XoDgSNZyLU0MwlJWKmjMQEQHqT4Ce,RPP DEBATE TECNICO PRESIDENCIAL JNE 2016  - CUSCO,2016-05-16T00:07:49Z,,15
240,UC5j8-2FT0ZMMBkmK72R4aeA,RPP Noticias,PLKB9XoDgSNZwvKnrqPVl1caM20SiF41ag,RPP NOTICIAS MAYO 2016,2016-05-06T13:47:42Z,,49
241,UC5j8-2FT0ZMMBkmK72R4aeA,RPP Noticias,PLKB9XoDgSNZxcNn0WX0ouLuFVbvx4T3Yf,RPP LA HISTORIA DE LAS ELECCIONES,2016-04-10T15:38:15Z,,10
242,UC5j8-2FT0ZMMBkmK72R4aeA,RPP Noticias,PLKB9XoDgSNZxEf_CQVBfOmtlztnpzCjqz,DEBATE PRESIDENCIAL 2016,2016-04-03T23:50:12Z,,37
243,UC5j8-2FT0ZMMBkmK72R4aeA,RPP Noticias,PLKB9XoDgSNZxzLR58hUnR7rYEjVsldAmC,RPP NOTICIAS ABRIL 2016,2016-04-01T23:36:54Z,,14
244,UC5j8-2FT0ZMMBkmK72R4aeA,RPP Noticias,PLKB9XoDgSNZx22FQeerLEzc-kOF6CGxn9,PRIMER DEBATE DE VICEPRESIDENTES,2016-04-01T00:22:24Z,,21
245,UC5j8-2FT0ZMMBkmK72R4aeA,RPP Noticias,PLKB9XoDgSNZxeSxg1a8073jOpi5bO1jKr,RPP NOTICIAS MARZO 2016,2016-03-07T19:57:47Z,,9
246,UC5j8-2FT0ZMMBkmK72R4aeA,RPP Noticias,PLKB9XoDgSNZxv_ng1zz-gSQ-ap2tCfh2u,RPP PING PONG POL√çTICO,2016-03-01T14:19:29Z,,4
247,UC5j8-2FT0ZMMBkmK72R4aeA,RPP Noticias,PLKB9XoDgSNZyKlai3fyU_PK4ldwyEUj-W,NOTICIAS FEBRERO 2016,2016-02-01T15:05:17Z,,36
248,UC5j8-2FT0ZMMBkmK72R4aeA,RPP Noticias,PLKB9XoDgSNZxn5yPV0Dmw9NC1lcc56mxU,RPP EL COMENTARIO ELECTORAL POR RA√öL VARGAS,2016-01-27T18:27:31Z,,11
249,UC5j8-2FT0ZMMBkmK72R4aeA,RPP Noticias,PLKB9XoDgSNZzaXnvl5orNXMULZFLMrAGG,PRO√âTICA FORO ANTICORRUPCI√ìN,2016-01-25T17:50:19Z,,2
250,UC5j8-2FT0ZMMBkmK72R4aeA,RPP Noticias,PLKB9XoDgSNZz6wd2XZKdkYwFS8AxXkVJ6,NOTICIAS ENERO 2016,2016-01-03T02:15:22Z,,143
251,UC5j8-2FT0ZMMBkmK72R4aeA,RPP Noticias,PLKB9XoDgSNZz_w4H2xlSK8LLEP-H8G96k,RPP OCURRI√ì 2015,2015-12-28T16:50:30Z,,32
252,UC5j8-2FT0ZMMBkmK72R4aeA,RPP Noticias,PLKB9XoDgSNZxwLILVnrAc1tLJnP7WCaWk,CADE 2015,2015-12-04T14:48:18Z,,46
253,UC5j8-2FT0ZMMBkmK72R4aeA,RPP Noticias,PLKB9XoDgSNZyNzcUmvZlL9ghiYhO6Z1Gr,NOTICIAS DICIEMBRE 2015,2015-12-02T13:34:03Z,,81
254,UC5j8-2FT0ZMMBkmK72R4aeA,RPP Noticias,PLKB9XoDgSNZyxEofgsczTRHBxsOgjYRq4,NOTICIAS NOVIEMBRE 2015,2015-11-03T13:24:25Z,,111
255,UC5j8-2FT0ZMMBkmK72R4aeA,RPP Noticias,PLKB9XoDgSNZy0d8GaK6ObElJPSevrQ8N_,RPP FAMILIAPUNTOCOM,2015-10-18T18:10:24Z,,390
256,UC5j8-2FT0ZMMBkmK72R4aeA,RPP Noticias,PLKB9XoDgSNZxLe6ZDsQdEh3c-mJbdv8UC,PER√ö - CHILE (ESPECIAL),2015-10-13T13:49:26Z,,12
257,UC5j8-2FT0ZMMBkmK72R4aeA,RPP Noticias,PLKB9XoDgSNZwiEh9y98eEywuEXgm4wRZl,NOTICIAS OCTUBRE 2015,2015-10-04T01:28:02Z,,101
258,UC5j8-2FT0ZMMBkmK72R4aeA,RPP Noticias,PLKB9XoDgSNZyEVzYjaSTfQPCMbOBuZUbR,MARAT√ìN RPP 2015,2015-09-28T17:24:54Z,,19
259,UC5j8-2FT0ZMMBkmK72R4aeA,RPP Noticias,PLKB9XoDgSNZy3vD2l0aD06XZlNvF36Cjx,MISTURA 2015,2015-09-08T18:18:24Z,,12
260,UC5j8-2FT0ZMMBkmK72R4aeA,RPP Noticias,PLKB9XoDgSNZxZJtNNK2phuCD3D1ZI3IsP,NOTICIAS SETIEMBRE 2015,2015-09-01T16:53:12Z,,137
261,UC5j8-2FT0ZMMBkmK72R4aeA,RPP Noticias,PLKB9XoDgSNZwX9TqOVAaZQQ_Fod7HvLnO,NOTICIAS AGOSTO 2015,2015-08-02T14:11:25Z,,76
262,UC5j8-2FT0ZMMBkmK72R4aeA,RPP Noticias,PLKB9XoDgSNZxq3EWk1M_WF3eqOLTWpyMo,NOTICIAS JULIO 2015,2015-07-01T17:47:18Z,,181
263,UC5j8-2FT0ZMMBkmK72R4aeA,RPP Noticias,PLKB9XoDgSNZyqxqcZh4S8IdFqA8nw83nr,NOTICIAS JUNIO 2015,2015-06-01T14:23:20Z,,169
264,UC5j8-2FT0ZMMBkmK72R4aeA,RPP Noticias,PLKB9XoDgSNZydYSUcm-uXHMAIWE-JwIOl,NOTICIAS MAYO 2015,2015-05-19T17:06:48Z,,53
265,UC5j8-2FT0ZMMBkmK72R4aeA,RPP Noticias,PLKB9XoDgSNZzK5qzkBCaYKxu9Sfqa12jc,RPP SEMANA SANTA 2015,2015-03-30T02:38:54Z,,1
266,UC5j8-2FT0ZMMBkmK72R4aeA,RPP Noticias,PLKB9XoDgSNZxRcJ6gvx4dO7jXRrfF1w05,M√ÅS V√çDEOS,2015-03-05T18:21:43Z,,168
267,UC5j8-2FT0ZMMBkmK72R4aeA,RPP Noticias,PLKB9XoDgSNZyZUaL0ycjIINS8QMPe6iy0,RPP INS√ìLITO,2015-02-18T12:46:44Z,,69
268,UC5j8-2FT0ZMMBkmK72R4aeA,RPP Noticias,PLKB9XoDgSNZzuXj6xmNE9rvBgvFJxD-KR,NOTICIAS FEBRERO,2015-02-02T03:51:48Z,,262
269,UC5j8-2FT0ZMMBkmK72R4aeA,RPP Noticias,PLKB9XoDgSNZwrsPO6NgfEvDJSeNwSe7R1,NOTICIAS ENERO,2015-01-02T01:55:26Z,,288
270,UC5j8-2FT0ZMMBkmK72R4aeA,RPP Noticias,PLKB9XoDgSNZyoa5DDfOHMFHZvCmwWH0TK,OCURRI√ì 2014,2014-12-24T20:03:01Z,,35
271,UC5j8-2FT0ZMMBkmK72R4aeA,RPP Noticias,PLKB9XoDgSNZwTRtE6mR8i5XXfBOBQ0e5N,RPP SPOTS NAVIDE√ëOS,2014-12-11T23:47:20Z,,2
272,UC5j8-2FT0ZMMBkmK72R4aeA,RPP Noticias,PLKB9XoDgSNZzVOUA1LOjnl3ytVr2YnsZ4,NOTICIAS DICIEMBRE,2014-12-02T20:30:30Z,,351
273,UC5j8-2FT0ZMMBkmK72R4aeA,RPP Noticias,PLKB9XoDgSNZxldjL-eO99Qx55rtC3QJuc,RPP TE CUIDA,2014-11-26T19:18:08Z,,6
274,UC5j8-2FT0ZMMBkmK72R4aeA,RPP Noticias,PLKB9XoDgSNZyxwIiuOqVZkIGHFysFtXmw,DESDE EL ESTUDIO RPP,2014-11-07T00:04:48Z,,16
275,UC5j8-2FT0ZMMBkmK72R4aeA,RPP Noticias,PLKB9XoDgSNZz48plWsXGIUWM2nAJx1URY,NOTICIAS NOVIEMBRE,2014-11-01T15:22:07Z,,392
276,UC5j8-2FT0ZMMBkmK72R4aeA,RPP Noticias,PLKB9XoDgSNZx2O-6nd9t58HEjVNebboR6,LA #RANITA,2014-10-30T00:06:56Z,,49
277,UC5j8-2FT0ZMMBkmK72R4aeA,RPP Noticias,PLKB9XoDgSNZxoKQwhrV2vuUiN5RmTp-P2,ENTRE PATAS Y COLAS RPP,2014-10-22T02:10:26Z,,33
278,UC5j8-2FT0ZMMBkmK72R4aeA,RPP Noticias,PLKB9XoDgSNZyEykca6-aDlePEI3gMyuQB,NOTICIAS MARZO,2014-10-04T17:53:57Z,,6
279,UC5j8-2FT0ZMMBkmK72R4aeA,RPP Noticias,PLKB9XoDgSNZx5YNYOwqWW6nPz1ofgY7qy,NOTICIAS OCTUBRE,2014-10-01T19:27:46Z,,305
280,UC5j8-2FT0ZMMBkmK72R4aeA,RPP Noticias,PLKB9XoDgSNZyNkr6cZEiJrjq3FhM8moqd,NOTICIAS SETIEMBRE,2014-09-01T17:56:02Z,,252
281,UC5j8-2FT0ZMMBkmK72R4aeA,RPP Noticias,PLKB9XoDgSNZyRXmxlYykK7BWEyi_R2sAE,RPP ERA TAB√ö,2014-08-28T00:56:01Z,,11
282,UC5j8-2FT0ZMMBkmK72R4aeA,RPP Noticias,PLKB9XoDgSNZxncAjo1iNkCL2kHECqgX3C,INFORME ESPECIAL RPP,2014-08-27T22:25:38Z,,4
283,UC5j8-2FT0ZMMBkmK72R4aeA,RPP Noticias,PLKB9XoDgSNZyfRiflovBrAexBXt8S2x52,LOS CHISTOSOS RPP,2014-08-15T01:39:23Z,,249
284,UC5j8-2FT0ZMMBkmK72R4aeA,RPP Noticias,PLKB9XoDgSNZzty1CADC3U2oFmCXLceJpL,RPP ENTREVISTAS,2014-08-03T18:39:29Z,,150
285,UC5j8-2FT0ZMMBkmK72R4aeA,RPP Noticias,PLKB9XoDgSNZzV9yVfGz3dqCeNy5W5Q16J,NOTICIAS AGOSTO,2014-08-01T18:02:44Z,,255
286,UC5j8-2FT0ZMMBkmK72R4aeA,RPP Noticias,PLKB9XoDgSNZxhwzPo3j02XXdrNydwZHuu,RPP FIESTAS PATRIAS 2014,2014-07-28T16:18:25Z,,30
287,UC5j8-2FT0ZMMBkmK72R4aeA,RPP Noticias,PLKB9XoDgSNZybeLZUMf-J2VqAEDrOG_b-,RPP SIEMPRE EN CASA  (SALUD Y M√ÅS),2014-07-17T23:09:10Z,,910
288,UC5j8-2FT0ZMMBkmK72R4aeA,RPP Noticias,PLKB9XoDgSNZwXZ0SR_YtjFghGL1yUwHGY,NOTICIAS JULIO,2014-07-16T22:30:57Z,,120
289,UC5j8-2FT0ZMMBkmK72R4aeA,RPP Noticias,PLKB9XoDgSNZwSMoaXbVd4EPNvTVphD6S4,RPP ECONOM√çA Y MERCADOS,2014-06-26T14:15:30Z,,164
290,UC5j8-2FT0ZMMBkmK72R4aeA,RPP Noticias,PLKB9XoDgSNZwjJbFTLpbwsH4pDINPzz1H,RPP REGIONES EN MARCHA,2014-05-18T02:25:32Z,,5
291,UC5j8-2FT0ZMMBkmK72R4aeA,RPP Noticias,PLKB9XoDgSNZxZyn7JByKPQek7lYHYtQRQ,RPP UN D√çA COMO HOY,2014-05-16T19:11:57Z,,164
292,UC5j8-2FT0ZMMBkmK72R4aeA,RPP Noticias,PLKB9XoDgSNZymfOnckmwWblVxYZgCMIXc,RPP LAS 5 DE LAS 7,2014-05-10T18:24:45Z,,765
293,UC5j8-2FT0ZMMBkmK72R4aeA,RPP Noticias,PLKB9XoDgSNZxdQBK9u9O-0PwZlF_hpDd2,NOTICIAS JUNIO,2014-05-07T18:25:38Z,,337
294,UC5j8-2FT0ZMMBkmK72R4aeA,RPP Noticias,PLKB9XoDgSNZwN3de5VqQ0qFUxQf_Mf9qB,CONEXI√ìN,2014-05-04T00:50:52Z,,584
295,UC5j8-2FT0ZMMBkmK72R4aeA,RPP Noticias,PLKB9XoDgSNZx80gwY3sBYBoiV9_sHmdq4,RPP OCURRI√ì EL 2013,2013-12-30T20:58:43Z,,34
296,UC5j8-2FT0ZMMBkmK72R4aeA,RPP Noticias,PLKB9XoDgSNZzSOnAGrHSnBNm3aGbhztQg,RPP ANIVERSARIO 50 a√±os,2013-10-07T20:46:22Z,Conoce la historia de RPP Noticias durante estos 50 a√±os de transmisi√≥n ininterrumpida. Historias de un pa√≠s que avanza...,8
297,UC5j8-2FT0ZMMBkmK72R4aeA,RPP Noticias,PLKB9XoDgSNZyMtO7rVFLNPD8IwvAWSj4n,RPP LIKE ‚àö PETS,2013-09-21T03:16:54Z,,59
298,UC5j8-2FT0ZMMBkmK72R4aeA,RPP Noticias,PLKB9XoDgSNZyaFlAJTKjC8bFcB5rCi6GO,RPP OCURRI√ì EL 2012,2012-12-28T17:28:13Z,,4
299,UC5j8-2FT0ZMMBkmK72R4aeA,RPP Noticias,PLKB9XoDgSNZw0pRlFtkpYmkyZpqkFJuVI,RPP ENTRETENIMIENTO,2012-09-25T14:37:34Z,,132
300,UC5j8-2FT0ZMMBkmK72R4aeA,RPP Noticias,PLKB9XoDgSNZwzoO72duD2rJUI4zm7iJUC,RPP DEPORTES,2012-09-25T14:35:15Z,,725
