video_id,channel_title,channel_id,video_publish_date,video_title,video_description,video_category,video_view_count,video_comment_count,video_like_count,video_dislike_count,video_tags
ONoEqiwxPqE,RPP Noticias,UC5j8-2FT0ZMMBkmK72R4aeA,2020-10-13,"Gotuzzo: ‚ÄúDeben revisar conclusiones del estudio IETSI, no son correctos el enfoque y el an√°lisis‚Äù","El Minsa decidi√≥ retirar la azitromicina, ivermectina e hidroxicloroquina de la gu√≠a del tratamiento contra la COVID-19. El m√©dico infect√≥logo Eduardo Gotuzzo, se pronuncia sobre la resoluci√≥n que dispone el retiro de estos productos.",25,9799,106,82,NA,RPP|RPP Noticias|Noticias Peru|Per√∫|Lima|Noticias|Informaci√≥n|Directo En Directo|Peruanos|Peruanos en USA|Programas peruanos|Programas del Per√∫|Radio Programas del Per√∫|Noticias del Per√∫|coronavirus en Per√∫|Vizcarra hoy|Casos de coronavirus hoy|casos covid hoy|Minsa|azitromicina|ivermectina|hidroxicloroquina|m√©dico infect√≥logo|Eduardo Gotuzzo|tratamiento hospitalario|pacientes
7-50aWQw-V4,RPP Noticias,UC5j8-2FT0ZMMBkmK72R4aeA,2020-10-19,"M√©dico infect√≥logo del INS: ""No hay evidencia de la utilidad de los medicamentos""","El Dr. Manuel Espinoza, asesor del despacho de Salud P√∫blica del Minsa, da las razones por las que los cuestionados f√°rmacos Hidroxicloroquina, Ivermectina y Azitromicina seguir√°n aplic√°ndose en pacientes ambulatorios de covid-19.",25,8954,80,90,NA,RPP|RPP Noticias|Noticias Peru|Per√∫
FbWmVIfi0KQ,RPP Noticias,UC5j8-2FT0ZMMBkmK72R4aeA,2020-10-28,COVID-19: ¬øQu√© es lo √∫ltimo que se sabe sobre el uso de mascarillas?,"El m√©dico infect√≥logo del Minsa, Salom√≥n Durand, explic√≥ la importancia, para qu√© sirven y en qu√© se basa la efectividad de las mascarillas.
",25,9338,63,120,NA,RPP|RPP Noticias|Noticias Peru|Per√∫|Programas peruanos|Programas del Per√∫|Noticias del Per√∫|coronavirus peru|estado de emergencia peru|COVID-19 en Per√∫|Mart√≠n Vizcarra|cuarentena peru|Walter martos
EtUSLpIR0DA,RPP Noticias,UC5j8-2FT0ZMMBkmK72R4aeA,2020-11-04,Plasma convaleciente no es eficiente contra la COVID-19,"El m√©dico epidemi√≥logo, Edward Mezones-Holguin, expres√≥ que las investigaciones demuestran que el plasma convaleciente no es eficaz para tratar la COVID-19.",25,1016,9,8,NA,RPP|RPP Noticias|Noticias Peru|Per√∫|NO COMBATE COVID-19|Programas peruanos|Programas del Per√∫|Noticias del Per√∫|coronavirus peru|estado de emergencia peru|COVID-19 en Per√∫|Mart√≠n Vizcarra|cuarentena peru|Walter martos|PLASMA CONVALECIENTE|vacuna contra covid|vacuna covid|edward mezones|elmer huerta
cRZiIThjCQo,RPP Noticias,UC5j8-2FT0ZMMBkmK72R4aeA,2020-11-09,"Pfizer afirma que su candidata a vacuna contra la COVID-19 es ""eficaz en un 90%""","La farmac√©utica Pfizer afirm√≥ el lunes que su candidata a vacuna contra la COVID-19 es ""eficaz en un 90%"", seg√∫n el primer an√°lisis intermedio de su ensayo de fase 3, la √∫ltima etapa antes de pedir formalmente su homologaci√≥n. Asi lo anunciaron en un comunicado de prensa.",25,15987,84,124,NA,RPP|RPP Noticias|Noticias Peru|Per√∫|Vacuna contra la COVID-19|Pfizer vacuna|Dr Huerta|Vacuna para el coronavirus|Coronavirus en el Per√∫
NU9mxmYN5Fo,RPP Noticias,UC5j8-2FT0ZMMBkmK72R4aeA,2020-11-19,Vacuna COVID-19: avances del ensayo cl√≠nico del laboratorio Sinopharm en Per√∫,"El m√©dico internista y profesor principal de la UPCH, Germ√°n M√°laga, se√±al√≥ que existe un porcentaje menor al 10% de efectos adversos temporales de la candidata a vacuna de Sinopharm en el Per√∫.",25,46657,418,199,NA,RPP|RPP Noticias|Noticias Peru|Per√∫|Programas peruanos|Programas del Per√∫|Noticias del Per√∫|coronavirus peru|estado de emergencia peru|COVID-19 en Per√∫|cuarentena peru|francisco sagasti|german malaga|vacuna|vacuna sinopharm|vacuna covid
6gKH5Inq6NY,RPP Noticias,UC5j8-2FT0ZMMBkmK72R4aeA,2020-12-01,Moderna solicitar√° autorizaci√≥n para su candidata a vacuna contra la COVID-19 en EE.UU. y Europa,"La empresa estadounidense Moderna anunci√≥ que presentar√° este lunes solicitudes de emergencia de autorizaci√≥n para su vacuna contra la COVID-19 en Estados Unidos y en Europa, luego de que resultados completos confirmaran una alta eficacia de la misma (94,1%).",25,2519,21,20,NA,RPP|RPP Noticias|Noticias Peru|Per√∫
ldFcpRCT8wM,RPP Noticias,UC5j8-2FT0ZMMBkmK72R4aeA,2020-12-18,Investigador de vacuna Moderna: ‚Äúeficacia llega al 94% y protege contra la infecci√≥n asintom√°tica‚Äù,"EE.UU. aprueba uso de la vacuna moderna y el dr. Jos√© Gonz√°les, especialista en enfermedades infecciosas de la Universidad de Miami e investigador de la Vacuna Moderna, nos explica todo sobre sus caracter√≠sticas y c√≥mo ser√° aplicada. 
",25,5085,46,76,NA,RPP|RPP Noticias|Noticias Peru|Per√∫|Lima|Noticias|Informaci√≥n|Directo En Directo|Peruanos|Peruanos en USA|Programas peruanos|Programas del Per√∫|Radio Programas del Per√∫|Noticias del Per√∫|coronavirus en Per√∫|Sagasti hoy|Casos de coronavirus hoy|casos covid hoy|Sagasti presidente|embajador|EE.UU|vacuna moderna|Jos√© Gonz√°les|enfermedades infecciosas|Universidad de Miami|Vacuna Moderna caracter√≠sticas|MODERNA INFECCION ASINTOM√ÅTICA
YsdYxFRKFck,RPP Noticias,UC5j8-2FT0ZMMBkmK72R4aeA,2021-01-07,üö® ¬°LO √öLTIMO! Sagasti anuncia la compra del primer lote de vacunas contra la COVID-19 para el Per√∫,"El presidente Francisco Sagasti inform√≥ en un Mensaje a la Naci√≥n los acuerdos alcanzados por el Estado peruano con los laboratorios Sinopharm y Astrazeneca y anunci√≥ que se continuar√° con el trabajo log√≠stico para el traslado de las vacunas.
",25,95945,960,910,NA,RPP|RPP Noticias|Noticias Peru|Per√∫|Lima|Noticias del Per√∫|coronavirus en Per√∫|Sagasti hoy|casos covid hoy|Sagasti presidente|francisco sagasti|CANAL en vivo|presidente en vivo|sagasti en vivo|en vivo|peru en vivo|cuarentena|cuarentena navidad|habr√° cuarentena|colegio m√©dico|TOQUE DE QUEDA|EN VIVO|24 de diciembre|suspenden vuelos de reino unido|peru reino unidos|mtc|nueva cepa|VUELOS PERU|aeropuerto per√∫|vuelos europa
yeoX1sRWn8k,RPP Noticias,UC5j8-2FT0ZMMBkmK72R4aeA,2021-01-07,"Germ√°n M√°laga: ""Hay tiempo como para capacitar vacunadores, pero se tiene que empezar""","El Dr. Germ√°n M√°laga, medico internista y profesor principal de la UPCH, nos comenta algunas caracter√≠sticas de las vacunas de AstraZeneca y Sinopharm.  
",25,3234,21,48,NA,RPP|RPP Noticias|Noticias Peru|Per√∫
AuqLP3di-eU,RPP Noticias,UC5j8-2FT0ZMMBkmK72R4aeA,2021-01-07,Germ√°n M√°laga: ‚ÄúVacunas en Per√∫ permitir√°n reducir la mortalidad COVID-19‚Äù,"‚ÄúMe sorprendi√≥ la noticia, la recibo con satisfacci√≥n y emoci√≥n porque vivimos una situaci√≥n complicada en los hospitales, tenemos la ilusi√≥n de un futuro mejor‚Äù, sostuvo en RPP Noticias Germ√°n M√°laga, investigador principal de ensayo de vacuna Sinopharm. 
",25,9994,192,117,NA,RPP|RPP Noticias|Noticias Peru|Per√∫|Lima|Noticias|Informaci√≥n|Directo En Directo|Peruanos|Peruanos en USA|Programas peruanos|Programas del Per√∫|Radio Programas del Per√∫|Noticias del Per√∫|coronavirus en Per√∫|Sagasti hoy|Casos de coronavirus hoy|casos covid hoy|Sagasti presidente|president of peru|francisco sagasti|Germ√°n M√°laga|PERU VACUNA|SAGASTI VACUNA|VACUNA EN PERU|vacuna Sinopharm|CUANDO LLEGAN LAS VACUNAS
cQwenTdCfvM,RPP Noticias,UC5j8-2FT0ZMMBkmK72R4aeA,2021-01-08,¬øCu√°les son los precios de las vacunas de Sinopharm y AstraZeneca contra la COVID-19?,"El Gobierno estableci√≥ acuerdos con la farmac√©utica china Sinopharm, por 38 millones de dosis, y con el laboratorio AstraZeneca, por entre 14 y 15 millones de vacunas.",25,5715,66,52,NA,RPP|RPP Noticias|Noticias Peru|Per√∫
EVl9-KEfYEY,RPP Noticias,UC5j8-2FT0ZMMBkmK72R4aeA,2021-01-08,Germ√°n M√°laga: ‚Äúla vacuna Sinopharm consiste en un virus cultivado que luego fue  etsinactivado‚Äù,"Germ√°n M√°laga, investigador principal de la UPCH detall√≥ en RPP cu√°ndo empez√≥ a desarrollarse la vacuna Sinopharm y qu√© tipo de plataforma tecnol√≥gica usa esta vacuna. 
",25,44881,210,358,NA,RPP|RPP Noticias|Noticias Peru|Per√∫|Lima|Noticias|Informaci√≥n|Directo En Directo|Peruanos|Peruanos en USA|Programas peruanos|Programas del Per√∫|Radio Programas del Per√∫|Noticias del Per√∫|coronavirus en Per√∫|Sagasti hoy|Casos de coronavirus hoy|casos covid hoy|Sagasti presidente|vacunas peru|francisco sagasti|Germ√°n M√°laga|investigador principal|Universidad Peruana Cayetano Heredia|vacuna Sinopharm|plataforma tecnol√≥gica
HXne1IeXr7c,RPP Noticias,UC5j8-2FT0ZMMBkmK72R4aeA,2021-01-08,El Dr. Elmer Huerta nos aclara algunas dudas sobre las vacunas de Sinopharm y AstraZeneca,"El pasado 6 de enero, el presidente Francisco Sagasti anunci√≥ el primer lote de un mill√≥n de dosis de la vacuna contra la COVID-19 de la farmac√©utica SInopharm llegar√° al Per√∫ durante el mes de enero.",25,29374,436,727,NA,RPP|RPP Noticias|Noticias Peru|Per√∫
_Jy3MjgL0b8,RPP Noticias,UC5j8-2FT0ZMMBkmK72R4aeA,2021-01-18,Elmer Huerta: ‚Äúser√≠a bueno que encuestadoras afinen sus preguntas para llegar a la verdad‚Äù,"El dr. Elmer Huerta, asesor m√©dico de RPP y especialista en salud p√∫blica, nos explica cu√°l es la diferencia entre eficacia y efectividad de las vacunas COVID-19.",25,3205,51,41,NA,RPP|RPP Noticias|Noticias Peru|Per√∫|Lima|Noticias|Informaci√≥n|Peruanos en USA|Programas peruanos|Radio Programas del Per√∫|Noticias del Per√∫|coronavirus en Per√∫|Sagasti hoy|Casos de coronavirus hoy|casos covid hoy|Sagasti presidente|vacunas peru|francisco sagasti|nueva variante en peru|vacuna contra la COVID-19|IPSOS Per√∫|temer a las vacunas|JOs√© Luis Aguilar|laboratorio de inmunolog√≠a|UPCH|Elmer Huerta|especialista en salud p√∫blica|encuesta ipsos
3-UGRDe_2DM,RPP Noticias,UC5j8-2FT0ZMMBkmK72R4aeA,2021-01-19,Embajador del Per√∫ en China: ‚Äúaceleramos tr√°mites para que 1er. lote de vacunas llegue a fin de mes‚Äù,"Desde Beijing, el embajador del Per√∫ en China, Luis Quesada Inchaustegui detall√≥ en RPP las √∫ltimas informaciones que se tiene sobre el env√≠o y transporte a√©reo de las vacunas Sinopharm al Per√∫. 
",25,6221,82,52,NA,RPP|RPP Noticias|Informaci√≥n|Directo En Directo|Peruanos|Peruanos en USA|Programas peruanos|Programas del Per√∫|Radio Programas del Per√∫|Noticias del Per√∫|coronavirus en Per√∫|Sagasti hoy|Casos de coronavirus hoy|casos covid hoy|Sagasti presidente|vacunas peru|francisco sagasti|nueva variante en peru|Beijing|embajador del Per√∫ en China|Luis Quesada Inchaustegui|env√≠o y transporte a√©reo|vacunas Sinopharm al Per√∫|llegan vacunas al peru|llegada de vacunas
lisaa5K21UM,RPP Noticias,UC5j8-2FT0ZMMBkmK72R4aeA,2021-01-20,¬øC√≥mo se realizar√° la vacunaci√≥n contra la COVID-19 en el Per√∫?,La pr√≥xima llegada del primer lote de vacunas contra la COVID-19 del laboratorio chino Sinopharm dar√° inicio al proceso de vacunaci√≥n masiva en nuestro pa√≠s.,25,20429,210,95,NA,RPP|RPP Noticias|Noticias Peru|Per√∫|rpp|Programas peruanos|Programas del Per√∫|Noticias del Per√∫|coronavirus peru|estado de emergencia peru|COVID-19 en Per√∫|cuarentena peru|francisco sagasti|vacuna peru|vacunacion peru|sinopharm|vacuna covid
1ctrKRiEE70,RPP Noticias,UC5j8-2FT0ZMMBkmK72R4aeA,2021-02-01,¬øDisminuye la eficacia? Vacunas contra la COVID-19 y las nuevas variantes,"Se ha difundido la aparici√≥n de tres nuevas variantes de la COVID-19: la sudafricana, la brasilera y la que se origin√≥ en el Reino Unido. La gran interrogante se ha convertido en si las vacunas contra el virus son eficaces tambi√©n con estas variantes. Jos√© Gonz√°lez Zamora, m√©dico peruano en Estados Unidos e infect√≥logo del hospital Jackson Memorial, no responde.",25,4340,26,52,NA,RPP|RPP Noticias|Noticias Peru|Per√∫
t8-zP_Yyfzs,RPP Noticias,UC5j8-2FT0ZMMBkmK72R4aeA,2021-02-03,¬øA qu√© se refiere la ‚Äòeficacia‚Äô de una vacuna para prevenir la COVID-19?,"La vacuna rusa Sputnik V tiene una eficacia superior al 91%, seg√∫n √∫ltimo estudio publicado en la revista cient√≠fica ‚ÄòThe Lancet‚Äô. Al respecto, Juan More Bayona, investigador de la UNMSM, nos detalla la importancia de esta eficacia.",25,1204,4,14,NA,RPP|RPP Noticias|Noticias Peru|Per√∫|Lima|Noticias|Informaci√≥n|Directo En Directo|Peruanos|Peruanos en USA|Programas peruanos|Programas del Per√∫|Radio Programas del Per√∫|Noticias del Per√∫|coronavirus en Per√∫|Sagasti hoy|Casos de coronavirus hoy|casos covid hoy|Sagasti presidente|vacunas peru|francisco sagasti|nueva variante en peru|NUEVA CUARENTENA|vacuna rusa|Sputnik V|The Lancet|Juan More Bayona|UNMSM|importancia de esta eficacia
hv3pFFvFTjc,RPP Noticias,UC5j8-2FT0ZMMBkmK72R4aeA,2021-02-08,Estas son las recomendaciones para quienes reciban la vacuna Sinopharm,"‚ÄúTodos los participantes a la vacuna ya recibieron las dos dosis, estamos en la etapa de ver la eficacia‚Äù, sostuvo Germ√°n M√°laga, investigador principal de la Universidad Peruana Cayetano Heredia. 
",25,30823,157,314,NA,RPP|RPP Noticias|Noticias Peru|Per√∫|Lima|Noticias|Informaci√≥n|Directo En Directo|Peruanos|Peruanos en USA|Programas peruanos|Programas del Per√∫|Radio Programas del Per√∫|Noticias del Per√∫|coronavirus en Per√∫|Sagasti hoy|Casos de coronavirus hoy|casos covid hoy|Sagasti presidente|llegan vacunas peru|francisco sagasti|vacuna peru|VACUNA LLEGADA EN VIVO|EN VIVO|SINOPHARM
Mh8eDIT3h_8,RPP Noticias,UC5j8-2FT0ZMMBkmK72R4aeA,2021-02-08,Per√∫: Conoce los testimonios de dos voluntarias de la vacuna Sinopharm,"Sophia Castillo y Laly Goyzueta recibieron las dos dosis del laboratorio chino Sinopharm y a trav√©s de RPP nos contaron su experiencia . 
",25,6846,65,77,NA,RPP|RPP Noticias|Noticias Peru|Per√∫
8mO2N2RBNaQ,RPP Noticias,UC5j8-2FT0ZMMBkmK72R4aeA,2021-02-08,"""Este es el comienzo de una tarea larga y dif√≠cil"": Sagasti tras llegada de primeras vacunas","El presidente de la Rep√∫blica, Francisco Sagasti, supervis√≥ el arribo del primer lote de 300 000 vacunas del laboratorio chino Sinopharm al Per√∫ para iniciar el proceso de inmunizaci√≥n contra la COVID-19.",25,4990,229,74,NA,RPP|RPP Noticias|Noticias Peru|Per√∫|Lima|Noticias|Informaci√≥n|Directo En Directo|Peruanos|Peruanos en USA|Programas peruanos|Programas del Per√∫|Noticias del Per√∫|coronavirus en Per√∫|Sagasti hoy|Casos de coronavirus hoy|casos covid hoy|Sagasti presidente|llegan vacunas peru|francisco sagasti|vacuna peru|VACUNA LLEGADA EN VIVO|EN VIVO|SINOPHARM|llegada de vacunas en vivo|sagasti en vivo|rpp en vivo
kt3xD8rkvAo,RPP Noticias,UC5j8-2FT0ZMMBkmK72R4aeA,2021-02-08,Manzur Fegale: ‚Äúnuestra funci√≥n ha sido recibir las vacunas y trasladarlas hasta los almacenes‚Äù,"El gerente gral. de Talma sostuvo en RPP las funciones que desarrollaron durante el traslado de las vacunas Sinopharm al Per√∫. 
",25,2419,13,21,NA,RPP|RPP Noticias|Noticias Peru|Per√∫|Lima|Noticias|Informaci√≥n|Directo En Directo|Peruanos|Peruanos en USA|Programas peruanos|Programas del Per√∫|Noticias del Per√∫|coronavirus en Per√∫|Sagasti hoy|Casos de coronavirus hoy|casos covid hoy|Sagasti presidente|llegan vacunas peru|francisco sagasti|vacuna peru|VACUNA LLEGADA EN VIVO|EN VIVO|SINOPHARM|talma
gtjttDpG-3I,RPP Noticias,UC5j8-2FT0ZMMBkmK72R4aeA,2021-02-08,"Colegio Qu√≠mico Farmac√©utico: ""Toda vacuna de emergencia amerita el proceso de farmacovigilancia""","El decano del Colegio Qu√≠mico Farmac√©utico del Per√∫, Mario Carhuapoma, destac√≥ que los farmac√©uticos ""ahora deben garantizar"" el proceso de log√≠stica para que no se rompa la cadena de frio y la vacuna no pierda eficacia. 
",25,2282,10,19,NA,RPP|RPP Noticias|Noticias Peru|Per√∫|Cadena de fr√≠o|Monitoreo|Farmacovigilancia|Vacuna de emergecnia|Colegio Qu√≠mico Farmac√©utico
pTlAtaO1NaY,RPP Noticias,UC5j8-2FT0ZMMBkmK72R4aeA,2021-02-08,üî¥¬°LO √öLTIMO! As√≠ trasladaron a Cenares el primer primer lote de 300 000 dosis de la vacuna Sinopharm,"Esta noche arrib√≥ al Per√∫ el primer lote de 300 000 dosis de la vacuna contra la COVID-19 del laboratorio Sinopharm. Por tal motivo, RPP realiz√≥ una cobertura especial para brindar todos los detalles sobre esta noticia.",25,74547,477,974,NA,RPP|RPP Noticias|Noticias Peru|Per√∫|Lima|Noticias|Informaci√≥n|Directo En Directo|Peruanos|Peruanos en USA|Programas peruanos|Programas del Per√∫|Noticias del Per√∫|coronavirus en Per√∫|Sagasti hoy|Casos de coronavirus hoy|casos covid hoy|Sagasti presidente|llegan vacunas peru|francisco sagasti|vacuna peru|VACUNA LLEGADA EN VIVO|EN VIVO|SINOPHARM|llegada de vacunas en vivo|sagasti en vivo|rpp en vivo
MzkvGaPyEg4,RPP Noticias,UC5j8-2FT0ZMMBkmK72R4aeA,2021-02-09,Cadena de fr√≠o Sinopharm: ‚Äúes una vacuna muy similar a la que estamos acostumbrados a manejar‚Äù,"La coordinadora del equipo de vacunaci√≥n COVID-19 del Minsa, Nancy Olivares, explic√≥ en qu√© consiste la cadena de fr√≠o para la conservaci√≥n y el transporte de las vacunas llegadas al Per√∫.",25,2653,15,27,NA,RPP|RPP Noticias|Noticias Peru|Per√∫|rpp|Programas peruanos|Programas del Per√∫|Noticias del Per√∫|coronavirus peru|estado de emergencia peru|COVID-19 en Per√∫|cuarentena peru|francisco sagasti|segunda ola|vacuna Pfizer|vacuna covid|vacuna|sinopharm|vacuna peru|vacunacion peru
PzV2Qa78jrU,RPP Noticias,UC5j8-2FT0ZMMBkmK72R4aeA,2021-02-09,"El testimonio de Mario Candiotti, uno de los primeros en recibir la vacuna contra la COVID-19",El m√©dico intensivista Mario Candiotti cont√≥ su experiencia como uno de los primeros miembros de salud en recibir la primera dosis de la vacuna de Sinopharm. El proceso demor√≥ menos de 5 minutos y cada personal inmunizado debe esperar 30 minutos para evaluar su evoluci√≥n.,25,5527,32,61,NA,RPP|RPP Noticias|Noticias Peru|Per√∫
NLeKtgpywSg,RPP Noticias,UC5j8-2FT0ZMMBkmK72R4aeA,2021-02-09,¬°EMPEZ√ì! M√©dico intensivista es el primero en recibir la vacuna contra la COVID-19 en el Per√∫,"El jefe del Servicio de Cuidados Intensivos del Hospital Arzobispo Loayza, doctor Josef Vallejos, recibi√≥ la dosis de Sinopharm como parte de la primera fase de vacunaci√≥n al personal que lucha contra el avance del nuevo coronavirus.
",25,28278,256,239,NA,RPP|RPP Noticias|Noticias Peru|Per√∫|Hospital Arzobispo Loayza|Josef Vallejos|jefe del Servicio de Cuidados Intensivos|vacuna contra la COVID-19 en el Per√∫|Doctor Huerta|Elmer Huerta
h3V1um70uoQ,RPP Noticias,UC5j8-2FT0ZMMBkmK72R4aeA,2021-02-09,"Sinopharm: ‚Äúno hay que tener miedo, la vacuna va a cumplir su objetivo‚Äù","El investigador de ensayos cl√≠nicos de vacuna Sinopharm en Per√∫, Germ√°n M√°laga, sostuvo que la vacuna reci√©n llegada es de tipo cl√°sica, con virus inactivo y bastante segura.
",25,16922,122,215,NA,RPP|RPP Noticias|Noticias Peru|Per√∫|rpp|Programas peruanos|Programas del Per√∫|Noticias del Per√∫|coronavirus peru|estado de emergencia peru|COVID-19 en Per√∫|cuarentena peru|francisco sagasti|segunda ola|vacuna Pfizer|vacuna covid|VACUNA PERU|vacunacion peru|sinopharm|ensayo de vacunas|vacuna china|german malaga|upch
cggbrZelg58,RPP Noticias,UC5j8-2FT0ZMMBkmK72R4aeA,2021-02-10,¬°EN VIVO! Presidente Francisco Sagasti uno de los primeros en recibir vacuna Sinopharm,"Hoy inici√≥ la campa√±a de vacunaci√≥n contra la COVID-19 en el Per√∫, luego de que el domingo arribara el primer lote de 300 mil dosis del laboratorio Sinopharm.",25,65319,813,403,NA,RPP|RPP Noticias|Noticias Peru|Per√∫|rpp|Programas peruanos|Programas del Per√∫|Noticias del Per√∫|coronavirus peru|estado de emergencia peru|COVID-19 en Per√∫|cuarentena peru|francisco sagasti|segunda ola|vacuna Pfizer|vacuna covid|VACUNACION SAGASTI|VACUNACION PERU|VACUNACION|PRIMERA LINEA
fDbdSqEjlXw,RPP Noticias,UC5j8-2FT0ZMMBkmK72R4aeA,2021-02-10,Vacuna Per√∫: ‚Äúhoy se logr√≥ distribuir a todo Lima y a 13 regiones del pa√≠s‚Äù,"El asesor viceministerial de salud p√∫blica del Minsa, Mario Tavera, sostuvo que el d√≠a mi√©rcoles 10 de febrero se terminar√° la distribuci√≥n de vacunas en todo el pa√≠s.",25,12879,89,142,NA,RPP|RPP Noticias|Noticias Peru|Per√∫|rpp|Programas peruanos|Programas del Per√∫|Noticias del Per√∫|coronavirus peru|estado de emergencia peru|COVID-19 en Per√∫|cuarentena peru|francisco sagasti|segunda ola|vacuna Pfizer|vacuna covid|vacuna sinopharm|sinopharm|vacunacion covid|vacunacion peru
0MxCSBM8sX0,RPP Noticias,UC5j8-2FT0ZMMBkmK72R4aeA,2021-02-14,"Berm√∫dez: ""En menos de tres meses se logr√≥ pasar de no tener ninguna vacunas a tener un mill√≥n""","La jefa del Gabinete Ministerial supervis√≥, acompa√±ada de los titulares de Salud y Relaciones Exteriores, la llegada del segundo lote de 700 mil dosis de la vacuna de Sinopharm. Aproximadamente a las 7:40 p.m. aterriz√≥ el avi√≥n en el Aeropuerto Jorge Ch√°vez, en el Callao.",25,3664,97,43,NA,RPP|RPP Noticias|Noticias Peru|Per√∫|Lima|Noticias|Informaci√≥n|Directo En Directo|Peruanos|Peruanos en USA|Programas peruanos|Programas del Per√∫|Noticias del Per√∫|coronavirus en Per√∫|Sagasti hoy|Casos de coronavirus hoy|casos covid hoy|Sagasti presidente|llegan vacunas peru|francisco sagasti|vacuna peru|VACUNA LLEGADA EN VIVO|EN VIVO|SINOPHARM|llegada de vacunas en vivo
NXUwCP9YRdE,RPP Noticias,UC5j8-2FT0ZMMBkmK72R4aeA,2021-02-14,Lleg√≥ al Per√∫ el segundo lote de 700 000 vacunas de Sinopharm contra la COVID-19,El avi√≥n de la aerol√≠nea KLM aterriz√≥ en nuestro pa√≠s a las 7:40 de la noche procedente de Amsterdam. Trae en sus bodegas el segundo lote con las 700 000 vacunas contra la COVID-19.,25,40858,279,416,NA,RPP|Noticias Peru|Per√∫|Lima|Noticias|Informaci√≥n|Directo En Directo|Peruanos|Peruanos en USA|Programas peruanos|Programas del Per√∫|Noticias del Per√∫|coronavirus en Per√∫|Sagasti hoy|Casos de coronavirus hoy|casos covid hoy|Sagasti presidente|llegan vacunas peru|francisco sagasti|vacuna peru|VACUNA LLEGADA EN VIVO|EN VIVO|SINOPHARM|llegada de vacunas en vivo|sagasti en vivo|rpp en vivo|en vivo|noticias en vivo|llegan vacunas
oQOH1mwym9A,RPP Noticias,UC5j8-2FT0ZMMBkmK72R4aeA,2021-02-14,üî¥¬°LO √öLTIMO! trasladan a Cenares el segundo lote de 700 000 dosis de la vacuna Sinophar,"Esta noche arrib√≥ al Per√∫ el segundo lote de 700 000 dosis de la vacuna contra la COVID-19 del laboratorio Sinopharm. Por tal motivo, RPP realiz√≥ una cobertura especial para brindar todos los detalles sobre esta noticia.",25,14060,54,161,NA,RPP|Noticias Peru|Per√∫|Lima|Noticias|Informaci√≥n|Directo En Directo|Peruanos|Peruanos en USA|Programas peruanos|Programas del Per√∫|Noticias del Per√∫|coronavirus en Per√∫|Sagasti hoy|Casos de coronavirus hoy|casos covid hoy|Sagasti presidente|llegan vacunas peru|francisco sagasti|vacuna peru|VACUNA LLEGADA EN VIVO|EN VIVO|SINOPHARM|llegada de vacunas en vivo|sagasti en vivo|rpp en vivo|en vivo|noticias en vivo|llegan vacunas
JcJvii7lqsI,RPP Noticias,UC5j8-2FT0ZMMBkmK72R4aeA,2021-02-16,Germ√°n M√°laga explica ante comisi√≥n del Congreso origen de dosis de vacunas extra Sinopharm,La comisi√≥n COVID-19 del Congreso recibi√≥ en sesi√≥n virtual al director de los ensayos cl√≠nicos de la universidad Cayetano Heredia. Dr. Germ√°n M√°laga.,25,5868,79,35,NA,RPP|RPP Noticias|Noticias Peru|Per√∫|Lima|Noticias|Informaci√≥n|Directo En Directo|Peruanos|Peruanos en USA|Programas peruanos|Programas del Per√∫|Radio Programas del Per√∫|Noticias del Per√∫|coronavirus en Per√∫|Sagasti hoy|Casos de coronavirus hoy|casos covid hoy|Sagasti presidente|llegan vacunas peru|francisco sagasti|vacuna peru|marzo|M√ÅLAGA|M√ÅLAGA EN CONGRESO
ZhAsNXkwXnA,RPP Noticias,UC5j8-2FT0ZMMBkmK72R4aeA,2021-03-03,Rafael Santos sobre vacunas: ‚Äú¬øPor qu√© ocultar el contrato y tanto secretismo?,"El candidato a la presidencia por Per√∫ Patria Segura, Rafael Santos, cuestion√≥ que se ‚Äòoculte‚Äô el contrato de las vacunas del laboratorio Sinopharm.
",25,10729,135,81,NA,RPP|RPP Noticias|Noticias Peru|Per√∫|rpp|Programas peruanos|Programas del Per√∫|Noticias del Per√∫|coronavirus peru|estado de emergencia peru|COVID-19 en Per√∫|cuarentena peru|francisco sagasti|segunda ola|vacuna covid|sinopharm|vacunaci√≥n peru|rafael santos|peru patria segura|elecciones 2021|elecciones generales|elecciones peru
nhVGCkuw50k,RPP Noticias,UC5j8-2FT0ZMMBkmK72R4aeA,2021-03-09,¬øC√≥mo se mide la eficacia de las vacunas?,"El epidemi√≥logo Edward Mezones-Holgu√≠n explic√≥ el procedimiento para comprobar la eficacia de los medicamentos antes de ser usados en humanos.
",25,2754,9,34,NA,RPP|RPP Noticias|Noticias Peru|Per√∫|rpp|Programas peruanos|Programas del Per√∫|Noticias del Per√∫|coronavirus peru|estado de emergencia peru|COVID-19 en Per√∫|cuarentena peru|francisco sagasti|segunda ola|edward mezones
TvJvNftwQ3Y,RPP Noticias,UC5j8-2FT0ZMMBkmK72R4aeA,2021-03-09,"Sobre confianza en vacuna Sinopharm: ‚Äúbasado en el reporte peruano preliminar, hay que esperar‚Äù","El epidemi√≥logo Edward Mezones sostuvo que la efectividad de la vacuna depende del proceso de vacunaci√≥n, es decir, lo que ocurre en la realidad.
",25,10894,303,98,NA,RPP|RPP Noticias|Noticias Peru|Per√∫|rpp|Programas peruanos|Programas del Per√∫|Noticias del Per√∫|coronavirus peru|estado de emergencia peru|COVID-19 en Per√∫|cuarentena peru|francisco sagasti|segunda ola|vacuna covid|sinopharm|vacunaci√≥n peru
orI9XEZaF8w,RPP Noticias,UC5j8-2FT0ZMMBkmK72R4aeA,2021-03-10,¬°Todo lo que debes saber sobre la eficacia y efectividad de las vacunas!,"Alrededor de las vacunas, algunos conceptos podr√≠an confundirse entre s√≠, principalmente las definiciones de eficacia y efectividad al hablar de vacunas.
",25,5690,105,102,NA,RPP|RPP Noticias|Noticias Peru|Per√∫|efectividad de las vacunas|eficacia de las vacunas|COVID-19|Coronavirus en el mundo
utoncKZJeGA,RPP Noticias,UC5j8-2FT0ZMMBkmK72R4aeA,2021-03-10,Elmer Huerta: ‚Äúla vacuna de cepa Beijing tiene alta eficiencia en prevenir hospitalizaci√≥n‚Äù,"‚ÄúSe ha descubierto que la vacuna de cepa Wuhan es de muy baja eficacia mientras que la vacuna de cepa Beijing es eficiente para prevenir la hospitalizaci√≥n‚Äù, sostuvo el doctor Elmer Huerta, asesor m√©dico de RPP y especialista en salud p√∫blica. 
",25,3640,136,30,NA,RPP|RPP Noticias|Noticias Peru|Per√∫|Lima|Noticias|Informaci√≥n|Directo En Directo|Peruanos|Peruanos en USA|Programas peruanos|Programas del Per√∫|Radio Programas del Per√∫|Noticias del Per√∫|coronavirus en Per√∫|Sagasti hoy|Casos de coronavirus hoy|casos covid hoy|Sagasti presidente|elmer huerta|vacunas|cepa beijing|cepa wuhan
cNHR1UxNs6I,RPP Noticias,UC5j8-2FT0ZMMBkmK72R4aeA,2021-03-10,"Jos√© √âlice: ‚Äúalrededor de 200 polic√≠as de sanidad no han querido vacunarse con Sinopharm""","El ministro del Interior Jos√© Elice indic√≥ que un grupo de polic√≠as no han querido vacunarse con las dosis de Sinopharm.
",25,11524,150,84,NA,RPP|RPP Noticias|Noticias Peru|Per√∫|rpp|Programas peruanos|Programas del Per√∫|Noticias del Per√∫|coronavirus peru|estado de emergencia peru|COVID-19 en Per√∫|cuarentena peru|francisco sagasti|segunda ola|vacuna covid|sinopharm|vacunaci√≥n peru|jose elice|gino costa
1GfM1eJNgPs,RPP Noticias,UC5j8-2FT0ZMMBkmK72R4aeA,2021-03-11,Daniel Olivares: ‚Äúno parar√≠a la compra de vacunas Sinopharm‚Äù,"El congresista Daniel Olivares sostuvo que el proceso de vacunaci√≥n tiene que continuar y acelerarse.
",25,21444,410,180,NA,RPP|RPP Noticias|Noticias Peru|Per√∫|rpp|Programas peruanos|Programas del Per√∫|Noticias del Per√∫|coronavirus peru|estado de emergencia peru|COVID-19 en Per√∫|cuarentena peru|francisco sagasti|segunda ola|vacuna covid|sinopharm|vacunaci√≥n peru|olivares|partido morado|violeta bermudez|oscar ugarte
3-bm2lVJ4ik,RPP Noticias,UC5j8-2FT0ZMMBkmK72R4aeA,2021-03-12,CMP: ‚Äúestuvimos desde las 5 de la ma√±ana en Cenares esperando autorizaci√≥n de salida de vacunas‚Äù,"Suspenden vacunaci√≥n de m√©dicos por falta de vacunas contra la COVID- 19. Ed√©n Gal√°n, secretario del interior y coordinador de la vacunaci√≥n del Colegio M√©dico Del Per√∫ le dice al MINSA que‚ÄùLa inmunizaci√≥n no es un juego‚Äù.",25,6694,64,36,NA,RPP|RPP Noticias|Noticias Peru|Per√∫|Lima|Noticias|Informaci√≥n|Directo En Directo|Peruanos|Peruanos en USA|Programas peruanos|Programas del Per√∫|Radio Programas del Per√∫|Noticias del Per√∫|coronavirus en Per√∫|Sagasti hoy|Casos de coronavirus hoy|casos covid hoy|Sagasti presidente|llegan vacunas peru|vacunas|cmp
Ez0beMemjPI,RPP Noticias,UC5j8-2FT0ZMMBkmK72R4aeA,2021-03-20,Leonardo Inga: ‚ÄúBuscamos esclarecer los hechos con respecto a los ensayos cl√≠nicos‚Äù,"Aprueban Moci√≥n que exhorta al Ejecutivo contratar una entidad auditora cient√≠fica internacional, para auditor√≠a del estudio cl√≠nico de las vacunas Sinopharm. Leonardo Inga, presidente de la Comisi√≥n Especial COVID 19, se pronuncia al respecto en RPP.",25,739,7,10,NA,RPP|RPP Noticias|Noticias Peru|Per√∫|Lima|Noticias|Informaci√≥n|Directo En Directo|Peruanos|Peruanos en USA|Programas peruanos|Programas del Per√∫|Radio Programas del Per√∫|Noticias del Per√∫|coronavirus en Per√∫|Sagasti hoy|Casos de coronavirus hoy|casos covid hoy|Sagasti presidente|llegan vacunas peru|francisco sagasti|vacuna peru|Ejecutivo|auditora cient√≠fica internacional|vacunas Sinopharm|Leonardo Inga|Comisi√≥n Especial COVID 19
ZKX4kf2HFL0,RPP Noticias,UC5j8-2FT0ZMMBkmK72R4aeA,2021-03-23,"La vacuna de AstraZeneca es efectiva en un 79% previniendo la COVID-19, seg√∫n un estudio",La vacuna creada por la Universidad de Oxford y la farmac√©utica AstraZeneca muestra un 79 % de efectividad previniendo la COVID-19 sintom√°tica y ofrece protecci√≥n del 100 % ante la enfermedad grave y la hospitalizaci√≥n.,25,1893,29,18,NA,RPP|RPP Noticias|Noticias Peru|Per√∫|rpp|Programas peruanos|Programas del Per√∫|Noticias del Per√∫|coronavirus peru|estado de emergencia peru|COVID-19 en Per√∫|cuarentena peru|francisco sagasti|segunda ola|vacuna covid|sinopharm|vacunaci√≥n peru
FRL83-kZhIc,RPP Noticias,UC5j8-2FT0ZMMBkmK72R4aeA,2021-03-27,"Voluntario de ensayo Sinopharm UPCH: ‚ÄúSituaci√≥n de los voluntarios, b√°sicamente, es de damnificados‚Äù","Luego de la renuncia de la dra. Coralith Garc√≠a ¬øcu√°l es la situaci√≥n de los voluntarios del ensayo de Sinopharm? Jorge Abanto, voluntario ensayo UPCH, se pronuncia en RPP. 
",25,5806,32,49,NA,RPP|RPP Noticias|Noticias Peru|Per√∫|Lima|Noticias|Informaci√≥n|Directo En Directo|Peruanos|Peruanos en USA|Programas peruanos|Programas del Per√∫|Radio Programas del Per√∫|Noticias del Per√∫|coronavirus en Per√∫|Sagasti hoy|Casos de coronavirus hoy|casos covid hoy|Sagasti presidente|secuenciamiento gen√≥mico|mutaciones|Pedro Romero|bi√≥logo molecular|renuncia|Coralith Garc√≠a|voluntarios del ensayo.ENSAYOSinopharm|Jorge Abanto|voluntario ensayo|UPCH
ikI9LxndizE,RPP Noticias,UC5j8-2FT0ZMMBkmK72R4aeA,2021-03-31,EE.UU.: Pzifer anunci√≥ eficacia del 100% de vacuna contra la COVID-19 en adolescentes,"Pfizer anunci√≥ una eficacia del 100% de su vacuna contra a covid-19 en adolescentes de 12 a 15 a√±os. Jos√© Gonz√°les Zamora, infect√≥logo del hospital Jackson Memorial y catedr√°tico de la Universidad de Miami e investigador de Moderna, nos explica m√°s sobre el tema.",25,6469,73,73,NA,RPP|RPP Noticias|Noticias Peru|Per√∫|Lima|Noticias|Informaci√≥n|Directo En Directo|Peruanos|Peruanos en USA|Programas peruanos|Programas del Per√∫|Radio Programas del Per√∫|Noticias del Per√∫|coronavirus en Per√∫|Sagasti hoy|Casos de coronavirus hoy|casos covid hoy|Sagasti presidente|Pfizer|adolescentes|Jos√© Gonz√°les Zamora|hospital Jackson Memorial|Universidad de Miami|investigador de Moderna
jQAi_i2UtvA,RPP Noticias,UC5j8-2FT0ZMMBkmK72R4aeA,2021-04-07,"Vacunas: ""Pr√°cticamente no sirve para nada la de AstraZeneca contra esta variante sudafricana""",El Dr. Elmer Huerta nos comenta sobre un nuevo estudio que han realizado para probar la efectividad de las vacunas contra las diversas variantes de la COVID-19.,25,7963,36,82,NA,RPP|RPP Noticias|Noticias Peru|Per√∫
a8oMMHjmCMw,RPP Noticias,UC5j8-2FT0ZMMBkmK72R4aeA,2021-04-16,Granados: ‚ÄúEl objetivo es vacunar a 180 mil adultos mayores de 80 a√±os en Lima‚Äù,"El vocero del Minsa, Arturo Granados, brind√≥ detalles del nuevo plan de vacunaci√≥n territorial. 
",25,1712,6,8,NA,RPP|RPP Noticias|Noticias Peru|Per√∫
4KmiWKYcYpE,RPP Noticias,UC5j8-2FT0ZMMBkmK72R4aeA,2021-04-19,CMP: ‚Äúllegar a este nivel de fallecimientos es muestra de que las estrategias vienen fracasando‚Äù,"El MINSA inform√≥ que en las √∫ltimas 24 horas han fallecido la cifra r√©cord de 433 personas por COVID-19. Miguel Palacios, decano del Colegio M√©dico del Per√∫, analiza el panorama de la pandemia en el pa√≠s.",25,21938,135,191,NA,RPP|RPP Noticias|Noticias Peru|Per√∫|Lima|Noticias|Informaci√≥n|Directo En Directo|Peruanos|Peruanos en USA|Programas peruanos|Programas del Per√∫|Radio Programas del Per√∫|Noticias del Per√∫|coronavirus en Per√∫|Sagasti hoy|Casos de coronavirus hoy|casos covid hoy|elecciones 2021|primera vuelta|resultados onpe|pedro castillo|Keiko Fujimori noticias|MINSA|cifra r√©cord|Miguel Palacios|decano del Colegio M√©dico del Per√∫|panorama de la pandemia
v374QVQevrk,RPP Noticias,UC5j8-2FT0ZMMBkmK72R4aeA,2021-04-29,Gabriela Jim√©nez: ‚Äúmantendremos el horario en los 50 centros de vacunaci√≥n de Lima y Callao‚Äù,"Se public√≥ el padr√≥n correspondiente para la vacunaci√≥n a los adultos mayores de 70 a√±os residentes de Lima Metropolitana y Callao, Gabriela Jim√©nez, directora de inmunizaciones del MINSA nos explica m√°s sobre la campa√±a.",25,12322,32,62,NA,RPP|RPP Noticias|Noticias Peru|Per√∫|Lima|Noticias|Informaci√≥n|Directo En Directo|Peruanos|Peruanos en USA|Programas peruanos|Programas del Per√∫|Radio Programas del Per√∫|Noticias del Per√∫|coronavirus en Per√∫|Sagasti hoy|Casos de coronavirus hoy|casos covid hoy|elecciones 2021|segunda vuelta|resultados onpe|pedro castillo|Keiko Fujimori|mayores de 70 a√±os|vacunaci√≥n en mayores
2xbQXw_19_k,RPP Noticias,UC5j8-2FT0ZMMBkmK72R4aeA,2021-05-04,Jim√©nez: ‚Äúeste viernes iniciar√° la aplicaci√≥n de la segunda dosis para mayores de 80‚Äù,"Gabriela Jim√©nez, directora de Inmunizaciones del MINSA, inform√≥ que a partir de este viernes 07 se iniciar√° la aplicaci√≥n de la segunda dosis contra la COVID-19 a los adultos mayores de 80 a√±os.",25,2223,4,9,NA,RPP|RPP Noticias|Noticias Peru|Per√∫|Lima|Noticias|Informaci√≥n|Directo En Directo|Peruanos|Peruanos en USA|Programas peruanos|Programas del Per√∫|Radio Programas del Per√∫|Noticias del Per√∫|coronavirus en Per√∫|Sagasti hoy|Casos de coronavirus hoy|casos covid hoy|elecciones 2021|segunda vuelta|resultados onpe|pedro castillo|Keiko Fujimori noticias|OMS|laboratorio Sinopharm|Gabriela Jim√©nez|Inmunizaciones del MINSA
kS4v8tKLmyw,RPP Noticias,UC5j8-2FT0ZMMBkmK72R4aeA,2021-05-04,Taype-Rond√°n: ‚Äúvacuna Sinopharm-Beijin es efectiva y prevendr√° hospitalizaciones y fallecimientos‚Äù,"La OMS hizo p√∫blica la informaci√≥n que el laboratorio Sinopharm present√≥ para su evaluaci√≥n, con el objetivo de obtener el respaldo de este ente internacional ¬øQu√© dice la informaci√≥n? ¬øPor qu√© tiene la efectividad de 90% en casos graves?",25,7823,199,108,NA,RPP|RPP Noticias|Noticias Peru|Per√∫|Lima|Noticias|Informaci√≥n|Directo En Directo|Peruanos|Peruanos en USA|Programas peruanos|Programas del Per√∫|Radio Programas del Per√∫|Noticias del Per√∫|coronavirus en Per√∫|Sagasti hoy|Casos de coronavirus hoy|casos covid hoy|elecciones 2021|segunda vuelta|resultados onpe|pedro castillo|Keiko Fujimori noticias|OMS|laboratorio Sinopharm
Cz0dWMBwQwc,RPP Noticias,UC5j8-2FT0ZMMBkmK72R4aeA,2021-05-05,"Vacuna Sinopharm posee efectividad del 90%, seg√∫n informe preliminar","El investigador principal del ensayo cl√≠nico de la vacuna Sinopharm, Sergio Recuenco, explic√≥ c√≥mo se realizar√° la vacunaci√≥n a los voluntarios.
",25,10729,83,128,NA,RPP|RPP Noticias|Noticias Peru|Per√∫|rpp|Programas peruanos|Programas del Per√∫|Noticias del Per√∫|coronavirus peru|estado de emergencia peru|COVID-19 en Per√∫|cuarentena peru|francisco sagasti|segunda ola|vacuna covid|sinopharm|vacunaci√≥n peru
IgSrfiPXPtA,RPP Noticias,UC5j8-2FT0ZMMBkmK72R4aeA,2021-05-05,Mayta-Trist√°n: Informe de la OMS da la tranquilidad de que la vacuna Sinopharm es segura y funciona,"El m√©dico e investigador Percy Mayta-Trist√°n destac√≥ el informe preliminar de la Organizaci√≥n Mundial de la Salud (OMS) que revela que la vacuna china contra la COVID-19 del laboratorio Sinopharm (cepa de Beijing), que en el Per√∫ fue aplicada al personal de primera l√≠nea, protege en 90% el desarrollo de una enfermedad grave.",25,5427,196,50,NA,RPP|RPP Noticias|Noticias Peru|Per√∫
aZ1XQ9fjGe4,RPP Noticias,UC5j8-2FT0ZMMBkmK72R4aeA,2021-05-05,"Vacuna de Sinopharm protege en 90% de desarrollar una enfermedad grave, seg√∫n informe preliminar","La vacuna elaborada a partir de la cepa de Beijing es eficaz en adultos de entre 18 y 59 a√±os, de acuerdo al grupo de expertos en inmunizaciones de la Organizaci√≥n Mundial de la Salud (OMS).",25,3339,70,51,NA,RPP|RPP Noticias|Noticias Peru|Per√∫
973A1OHLCdk,RPP Noticias,UC5j8-2FT0ZMMBkmK72R4aeA,2021-05-06,Sinopharm: INS autoriza protocolo para iniciar el proceso de importaci√≥n de vacunas para voluntarios,"A trav√©s de una resoluci√≥n del Instituto Nacional de Salud (INS), se autoriz√≥ a la Universidad Peruana Cayetano Heredia (UPCH), el protocolo que permitir√° tramitar las vacunas para inmunizar a los voluntarios peruanos de los ensayos cl√≠nicos de Sinopharm.
",25,2384,17,24,NA,RPP|RPP Noticias|Noticias Peru|Per√∫|rpp|Programas peruanos|Programas del Per√∫|Noticias del Per√∫|coronavirus peru|estado de emergencia peru|COVID-19 en Per√∫|cuarentena peru|francisco sagasti|segunda ola|vacuna covid|sinopharm|vacunaci√≥n peru
WaH0fHTaV64,RPP Noticias,UC5j8-2FT0ZMMBkmK72R4aeA,2021-05-07,Dir. de Inmunizaciones MINSA: ‚Äúa partir del hoy en regiones se ampl√≠an vacunaci√≥n a mayores de 70‚Äù,"‚ÄúSe pide a la poblaci√≥n tener toda la confianza necesaria en la vacuna. Le pedimos a que acudan al centro de vacunaci√≥n‚Äù, sostuvo en RPP la licenciada Gabriela Jim√©nez, directora de Inmunizaciones del MINSA.
",25,3054,13,24,NA,RPP|RPP Noticias|Noticias Peru|Per√∫|Lima|Noticias|Informaci√≥n|Directo En Directo|Peruanos|Peruanos en USA|Programas peruanos|Programas del Per√∫|Radio Programas del Per√∫|Noticias del Per√∫|coronavirus en Per√∫|Sagasti hoy|Casos de coronavirus hoy|casos covid hoy|elecciones 2021|segunda vuelta|resultados onpe|pedro castillo|Keiko Fujimori|vacunas en regiones|vacunas en peru|amplian vacunaci√≥n|campa√±a de vacunacion
KWwmRPqCTPQ,RPP Noticias,UC5j8-2FT0ZMMBkmK72R4aeA,2021-05-07,Voluntario del ensayo Sinopharm: ‚Äútras autorizaci√≥n DIGEMID se procedi√≥ a gestionar la importaci√≥n‚Äù,"Jorge Abanto, voluntario del ensayo de Sinopharm en la UPCH, se pronuncia sobre la autorizaci√≥n de la DIGEMID para la importaci√≥n de vacuna Sinopharm para los participantes de este estudio.
",25,1015,11,13,NA,RPP|RPP Noticias|Noticias Peru|Per√∫|Lima|Noticias|Informaci√≥n|Directo En Directo|Peruanos|Peruanos en USA|Programas peruanos|Programas del Per√∫|Radio Programas del Per√∫|Noticias del Per√∫|coronavirus en Per√∫|Sagasti hoy|Casos de coronavirus hoy|casos covid hoy|elecciones 2021|Ernesto gozzer|Jorge Abanto|voluntario|ensayo de Sinopharm|UPCH|DIGEMID
rzMBbsRy2aM,RPP Noticias,UC5j8-2FT0ZMMBkmK72R4aeA,2021-05-12,COVID-19: Este jueves presentar√°n protocolo de vacunaci√≥n,"Minsa inform√≥ que este jueves se revela resultado del informe sobre vacunaci√≥n con jeringas vac√≠as y presentan el protocolo de vacunaci√≥n.
",25,3131,36,23,NA,RPP|RPP Noticias|Noticias Peru|Per√∫|Lima|Noticias|Informaci√≥n|Directo En Directo|Peruanos|Peruanos en USA|Programas peruanos|Programas del Per√∫|Radio Programas del Per√∫|Noticias del Per√∫|coronavirus en Per√∫|Sagasti hoy|Casos de coronavirus hoy|casos covid hoy|elecciones 2021|segunda vuelta|resultados onpe|pedro castillo|Keiko Fujimori noticias|Per√∫ Libre|Minsa|vacunaci√≥n con jeringas vac√≠as|protocolo de vacunaci√≥n
USWmsSEsn5M,RPP Noticias,UC5j8-2FT0ZMMBkmK72R4aeA,2021-05-14,V√≠ctor Zamora: ‚ÄúLos criterios para vacunar son dos: la edad y por funci√≥n‚Äù,"‚ÄúEl MINSA ha hecho muy bien de conformar una comisi√≥n de √©tica quien decide quien debe vacunarse o no y este es el caso de los deportistas‚Äù, sostuvo en RPP el exministro de Salud, V√≠ctor Zamora. 
",25,3362,71,21,NA,RPP|RPP Noticias|Noticias Peru|Per√∫|Lima|Noticias|Informaci√≥n|Directo En Directo|Peruanos|Peruanos en USA|Programas peruanos|Programas del Per√∫|Radio Programas del Per√∫|Noticias del Per√∫|coronavirus en Per√∫|Sagasti hoy|Casos de coronavirus hoy|casos covid hoy|elecciones 2021|MINSA|comisi√≥n de √©tica|exministro de Salud|V√≠ctor Zamora|SELECCI√ìN PERUANA|RICARDO GARECA|LA VIDENA|OBLITAS|JUGADORES VACUNA
WdWGvZxjb6I,RPP Noticias,UC5j8-2FT0ZMMBkmK72R4aeA,2021-05-15,√ìscar Chiri: ‚ÄúNuestro plazo para inmunizaci√≥n total de la delegaci√≥n era el 15 de mayo‚Äù,"‚ÄúPedimos que con el stock que el MINSA tuviera, se viera la posibilidad de vacunar a nuestra delegaci√≥n‚Äù, sostuvo en RPP Noticias Oscar Chiri, secretario general de la FPF.
",25,10709,65,37,NA,RPP|RPP Noticias|Noticias Peru|Per√∫|Lima|Noticias|Informaci√≥n|Directo En Directo|Peruanos|Peruanos en USA|Programas del Per√∫|Radio Programas del Per√∫|Noticias del Per√∫|coronavirus en Per√∫|Sagasti hoy|Casos de coronavirus hoy|casos covid hoy|elecciones 2021|segunda vuelta|resultados onpe|pedro castillo|Keiko Fujimori noticias|dfederacion peruana|vacunas a jugadores|selecci√≥n peruana vacunas|ricardo gareca|oscar chiri|minsa|oscar ugarte
ehEF574K0i0,RPP Noticias,UC5j8-2FT0ZMMBkmK72R4aeA,2021-05-15,"Jos√© Recoba: ‚ÄúLa vacuna de Sinopharm, al igual que las dem√°s vacunas, son seguras‚Äù","El integrante del equipo t√©cnico en temas de salud de Fuerza Popular, Jos√© Recoba, sostuvo que se gestionar√° m√°s ingresos de vacunas.
",25,11906,137,98,NA,RPP|RPP Noticias|Noticias Peru|Per√∫|rpp|Programas peruanos|Programas del Per√∫|Noticias del Per√∫|coronavirus peru|estado de emergencia peru|COVID-19 en Per√∫|cuarentena peru|francisco sagasti|segunda ola|vacuna covid|sinopharm|vacunaci√≥n peru
vO_gK6rvpbM,RPP Noticias,UC5j8-2FT0ZMMBkmK72R4aeA,2021-05-18,Sinopharm: ¬øCu√°ndo iniciar√° la vacunaci√≥n de los voluntarios de los ensayos cl√≠nicos fase 3?,"Sergio Recuenco, investigador principal de los ensayos cl√≠nicos de Sinopharm en UPCH, coment√≥ que el pr√≥ximo 24 de mayo se dar√° inicio a la vacunaci√≥n de los voluntarios que recibieron placebo y quienes recibieron la vacuna con la cepa de Wuhan, en total 8000 voluntarios.",25,801,6,5,NA,RPP|RPP Noticias|Noticias Peru|Per√∫|rpp|Programas peruanos|Programas del Per√∫|Noticias del Per√∫|coronavirus peru|estado de emergencia peru|COVID-19 en Per√∫|cuarentena peru|francisco sagasti|segunda ola|vacuna covid|sinopharm|vacunaci√≥n peru
N_RL2TfKV24,RPP Noticias,UC5j8-2FT0ZMMBkmK72R4aeA,2021-05-19,"Investigadora de ensayo CureVac: ‚Äúen Per√∫, 8 centro de investigaci√≥n enrol√≥ a 7500 voluntarios‚Äù","‚ÄúActualmente, a nivel global se esta terminando la fase 3 (fase qu√≠mica) en la que evaluamos la eficacia y seguridad de la vacuna‚Äù, sostuvo en RPP Theresa Ochoa, directora del Instituto de Medicina Tropical Alexander Von Humboldt de la UPCH, investigadora a cargo del ensayo de la vacuna CureVac en Per√∫.",25,3858,8,66,NA,RPP|RPP Noticias|Noticias Peru|Per√∫|Lima|Noticias|Informaci√≥n|Directo En Directo|Peruanos|Peruanos en USA|Programas peruanos|Programas del Per√∫|Radio Programas del Per√∫|Noticias del Per√∫|coronavirus en Per√∫|Sagasti hoy|resultados onpe|pedro castillo|Keiko Fujimori noticias|Per√∫ Libre|virtual congresista|Fuerza Popular|estudio adolescentes|estudio vacuna adolescentes|vacuna curevac|curevac adolescentes
9QPy8M_Ldmk,RPP Noticias,UC5j8-2FT0ZMMBkmK72R4aeA,2021-05-19,"Combinar las vacunas de AstraZeneca y Pfizer es seguro y eficaz, seg√∫n estudio","El Dr. Elmer Huerta coment√≥ un estudio que realiz√≥ el Instituto de Salud Carlos III donde determinaron que combinar estas vacunas es seguro y eficaz.
",25,7836,33,90,NA,RPP|RPP Noticias|Noticias Peru|Per√∫
_wupH82gCVs,RPP Noticias,UC5j8-2FT0ZMMBkmK72R4aeA,2021-05-21,"Minsa iniciar√° esta semana vacunaci√≥n de personas con enfermedades raras, mentales y con trasplante",La genetista Milagros Due√±as explic√≥ por qu√© los pacientes con enfermedades raras tienen mayor riesgo a contagiarse con la COVID-19.,25,3371,21,38,NA,RPP|RPP Noticias|Noticias Peru|Per√∫
n5B0p23OBxk,RPP Noticias,UC5j8-2FT0ZMMBkmK72R4aeA,2021-05-25,Voluntario Sinopharm: ‚ÄúA√∫n luego de recibir la vacuna seguimos con las medidas de bioseguridad‚Äù,"Ayer empez√≥ el proceso de vacunaci√≥n de los voluntarios del ensayo de la vacuna Sinopharm en Per√∫ ¬øc√≥mo ha sido esta experiencia para los voluntarios? Jorge Arbul√∫ y Yasser Silva, voluntarios de este ensayo nos cuentas su experiencia. 
",25,3259,21,22,NA,RPP|RPP Noticias|Noticias Peru|Per√∫|Lima|Noticias|Informaci√≥n|Directo En Directo|Peruanos|Peruanos en USA|Programas peruanos|Programas del Per√∫|Noticias del Per√∫|coronavirus en Per√∫|Sagasti hoy|Casos de coronavirus hoy|casos covid hoy|elecciones 2021|segunda vuelta|resultados onpe|pedro castillo|Keiko Fujimori noticias|Per√∫ Libre|virtual congresista|Fuerza Popular|variante C37|Pedro Romero|bi√≥logo molecular|UPCH|variante c.37
Aao0FFpTLFo,RPP Noticias,UC5j8-2FT0ZMMBkmK72R4aeA,2021-05-29,"Dos vacunas de Sinopharm contra el COVID-19 son efectivas, se√±ala estudio","Las lecturas se basaron en c√°lculos sobre 142 casos sintom√°ticos en un ensayo que involucr√≥ a m√°s de 40,000 participantes, con 26 inyectados con la vacuna de la unidad de Wuhan y 21 con la de Pek√≠n.",25,6043,63,73,NA,RPP|RPP Noticias|Noticias Peru|Per√∫|rpp|Programas peruanos|Programas del Per√∫|Noticias del Per√∫|coronavirus peru|estado de emergencia peru|COVID-19 en Per√∫|cuarentena peru|francisco sagasti|tercera ola|elecciones 2021|elecciones generales|debate|debsate equipos tecnicos|equipo t√©cnico|keiko Fujimori|pedro castillo|fuerza popular|peru libre|vacuna covid|sinopharm|vacunaci√≥n peru
KUHI2cqXP0A,RPP Noticias,UC5j8-2FT0ZMMBkmK72R4aeA,2021-05-29,Mauricio Miranda: ‚ÄúQueremos lograr la mayor capacidad de vacunas‚Äù,"El excandidato al congreso por Fuerza Popular, Mauricio Miranda, explic√≥ las propuestas para el sector salud sobre el uso de la ivermectina y la aplicaci√≥n de la vacuna Sinopharm.
",25,2189,19,25,NA,RPP|RPP Noticias|Noticias Peru|Per√∫|rpp|Programas peruanos|Programas del Per√∫|Noticias del Per√∫|coronavirus peru|estado de emergencia peru|COVID-19 en Per√∫|cuarentena peru|francisco sagasti|tercera ola|elecciones 2021|elecciones generales|debate|debsate equipos tecnicos|equipo t√©cnico|keiko Fujimori|pedro castillo|fuerza popular|peru libre|vacuna covid|sinopharm|vacunaci√≥n peru
qLgLbZy73gM,RPP Noticias,UC5j8-2FT0ZMMBkmK72R4aeA,2021-06-04,Colegio M√©dico del Per√∫ solicita tercera dosis de vacuna Sinopharm para personal m√©dico,"El comisionado del Colegio M√©dico del Per√∫, Augusto Tarazona, explic√≥ las razones por las cuales solicitan una tercera dosis de vacuna para el personal de salud.
",25,5118,60,65,NA,RPP|RPP Noticias|Noticias Peru|Per√∫
J9LipnVsNUc,RPP Noticias,UC5j8-2FT0ZMMBkmK72R4aeA,2021-06-22,Dir. de Inmunizaci√≥n MINSA:‚Äúcentros de vacunaci√≥n y brigadas var√≠an de acuerdo a poblaci√≥n objetivo‚Äù,"‚ÄúTodos los d√≠as, a nivel nacional, evaluamos el n√∫mero de centros de vacunaci√≥n‚Äù, sostuvo en RPP la licenciada Gabriela Jim√©nez, directora de Inmunizaci√≥n del MINSA. 
",25,2078,2,12,NA,Gabriela Jim√©nez|Inmunizaci√≥n del MINSA|MINISTRO OSCAR UGARTE|PROCESO DE VACUNACI√ìN|vacunas san juan de Lurigancho|vacunacar|vacunas peru|vacunas covid-19|RPP|RPP Noticias|Noticias Peru|Per√∫|Lima|Noticias|Informaci√≥n|Directo En Directo|Peruanos|Peruanos en USA|Programas peruanos|Programas del Per√∫|Radio Programas del Per√∫|Noticias del Per√∫|coronavirus en Per√∫|Sagasti hoy|Casos de coronavirus hoy|casos covid hoy
dZrm4RhAeK0,RPP Noticias,UC5j8-2FT0ZMMBkmK72R4aeA,2021-06-22,Pediatra infect√≥loga: ‚Äúvacuna Pfizer es bastante segura y eficaz para proteger a adolescentes‚Äù,"‚ÄúComo ocurre con otras vacunas, no basta vacunar a los grupos de riesgo sino se debe inmunizar a toda la poblaci√≥n para evitar la diseminaci√≥n del virus‚Äù, sostuvo Maria Esther Castillo, pediatra infect√≥loga de la Cl√≠nica Delgado. 
",25,1294,18,9,NA,Maria Esther Castillo|pediatra infect√≥loga|Cl√≠nica Delgado|MINISTRO OSCAR UGARTE|PROCESO DE VACUNACI√ìN|NI√ëOS Y ADOLESCENTES|CUARTO TRIMESTRE|RPP|RPP Noticias|Noticias Peru|Per√∫|Lima|Noticias|Informaci√≥n|Directo En Directo|Peruanos|Peruanos en USA|Programas peruanos|Programas del Per√∫|Radio Programas del Per√∫|Noticias del Per√∫|coronavirus en Per√∫|Sagasti hoy|Casos de coronavirus hoy|casos covid hoy
hB-XjPhRiik,RPP Noticias,UC5j8-2FT0ZMMBkmK72R4aeA,2021-06-22,Vacunaci√≥n contra la COVID-19: se han aplicado 6 millones de dosis en todo el Per√∫,"La licenciada Gabriela Jim√©nez, directora de inmunizaci√≥n del Ministerio de Salud (Minsa), precis√≥ que al 19 de junio se han logrado aplicar 6 millones 239 mil 431 dosis de vacuna contra la COVID-19 en m√°s de 1200 centros de inmunizaci√≥n activos en todo el Per√∫.",25,1594,15,6,NA,RPP|RPP Noticias|Noticias Peru|Per√∫
KJ3RBcYIpNI,RPP Noticias,UC5j8-2FT0ZMMBkmK72R4aeA,2021-07-06,"Dr. Elmer Huerta sobre la COVID-19: ""Con cualquiera de las vacunas te podr√≠as enfermar""","El Dr. Elmer Huerta explica que cada vacuna tiene su porcentaje de efectividad para prevenir el desarrollo de s√≠ntomas y hospitalizaci√≥n.
",25,6029,46,99,NA,RPP|RPP Noticias|Noticias Peru|Per√∫|COVID-19|Coronavirus en el Per√∫|Vacunas contra la COVID-19|Dr. Elmer Huerta|COVID-19 en Am√©rica|Pandemia mundial|Enfermedades en el mundo|Coronavirus
G4SESH7YOjU,RPP Noticias,UC5j8-2FT0ZMMBkmK72R4aeA,2021-07-08,"Medidas contra la pandemia en el Per√∫ fueron las m√°s da√±inas para la econom√≠a, seg√∫n estudio","Un estudio de Apoyo Consultor√≠a concluy√≥ que la cuarentena total no fue una medida efectiva contra la pandemia, e implic√≥ un fuerte impacto a la econom√≠a.
",25,1359,4,17,NA,RPP|RPP Noticias|Noticias Peru|Per√∫|Econom√≠a peruana|Pandemia en el Per√∫|Pol√≠ticas p√∫blicas
OotKSbV37qk,RPP Noticias,UC5j8-2FT0ZMMBkmK72R4aeA,2021-07-10,"Infect√≥logo considera ""muy probable"" uso de tercera dosis de Pfizer para mayor protecci√≥n","El especialista del Hospital Jackson Memorial de Miami, Jos√© Gonz√°les Zamora tambi√©n se√±al√≥ que la vacuna de Johnson & Johnson ser√≠a eficaz contra la variante delta del nuevo coronavirus, seg√∫n datos preliminares.
",25,1977,5,19,NA,RPP|RPP Noticias|Noticias Peru|Per√∫
SLMlvLupTM4,RPP Noticias,UC5j8-2FT0ZMMBkmK72R4aeA,2021-07-13,"""No hay evidencia cient√≠fica"": Minsa responde al Colegio M√©dico del Per√∫ que pide una tercera dosis","El m√©dico Arturo Granados, vocero del Ministerio de Salud (Minsa), respondi√≥ a la solicitud del Colegio M√©dico del Per√∫, que pidi√≥ la aplicaci√≥n de una tercera dosis para el personal de salud a nivel nacional. 
",25,2384,21,24,NA,RPP|RPP Noticias|Noticias Peru|Per√∫|Minsa|Ministerio de Salud del Per√∫|Vacunaci√≥n en el Per√∫|Tercera dosis contra la COVID-19|Coronavirus en el Per√∫|Dr. Elmer Huerta|Elmer Huerta|Dr. Huerta
sjlLaeveBXM,RPP Noticias,UC5j8-2FT0ZMMBkmK72R4aeA,2021-07-14,COVID-19: La postura del Minsa ante una posible dosis de refuerzo de la vacuna,"El viceministro de Salud P√∫blica, Gustavo Rosell, en conversaci√≥n con el doctor Elmer Huerta en el programa Espacio Vital, coment√≥ que no hay evidencia cient√≠fica para la aplicaci√≥n de una tercera dosis de la vacuna contra la COVID-19.",25,955,1,11,NA,RPP|RPP Noticias|Noticias Peru|Per√∫|Noticias|Programas peruanos|Programas del Per√∫|Noticias del Per√∫|coronavirus peru|estado de emergencia peru|COVID-19 en Per√∫|cuarentena peru|francisco sagasti|tercera ola|vacuna covid|sinopharm|vacunaci√≥n peru|variante
g-znb99dKqc,RPP Noticias,UC5j8-2FT0ZMMBkmK72R4aeA,2021-07-16,Vocero de Minsa: Efectividad de Sinopharm para prevenir muerte es de 90%,"Arturo Granados, vocero y asesor del Ministerio de Salud, record√≥ en RPP Noticias que la vacuna Sinopharm protege de manera efectiva a la poblaci√≥n y que su uso est√° respaldado por la Organizaci√≥n Mundial de la Salud.
",25,2723,19,39,NA,RPP|RPP Noticias|Noticias Peru|Per√∫|Tercera dosis|Efectividad de la vacuna|Vacunaci√≥n en el Per√∫|Minsa|Ministerio de Salud|Arturo Granados|EsSalud|Colegio M√©dico del Per√∫
OB038PtbP4c,RPP Noticias,UC5j8-2FT0ZMMBkmK72R4aeA,2021-07-17,Segunda vacunat√≥n: ‚ÄúQueremos llegar a las 100 mil dosis aplicadas por d√≠a‚Äù,"‚ÄúEstamos satisfechos con resultados del primer Vacunat√≥n donde 230 mil personas fueron inmunizadas‚Äù, sostuvo en RPP Gabriela Jim√©nez, directora de Inmunizaciones del MINSA.",25,925,4,10,NA,RPP|RPP Noticias|Noticias Peru|Per√∫|Lima|Noticias|Informaci√≥n|Directo En Directo|Peruanos|Peruanos en USA|Programas peruanos|Programas del Per√∫|Radio Programas del Per√∫|Noticias del Per√∫|coronavirus en Per√∫|Sagasti hoy|Casos de coronavirus hoy|casos covid hoy|segunda Vacunat√≥n|inmunizaci√≥n|licenciada|Gabriela Jim√©nez|directora de Inmunizaciones del MINSA
Plvp8Tebf4w,RPP Noticias,UC5j8-2FT0ZMMBkmK72R4aeA,2021-07-23,¬øCu√°l es la eficacia de las vacunas que se inoculan en el Per√∫?,"El jefe del INS V√≠ctor Su√°rez Moreno explic√≥ la eficacia que tienen las vacunas que se inoculan en el Per√∫.
",25,1782,11,18,NA,RPP|RPP Noticias|Noticias Peru|Per√∫|Noticias|Programas peruanos|Programas del Per√∫|Noticias del Per√∫|coronavirus peru|estado de emergencia peru|COVID-19 en Per√∫|vacuna covid|sinopharm|vacunaci√≥n peru|variante|pedro castillo
sI1tQp8q1g0,RPP Noticias,UC5j8-2FT0ZMMBkmK72R4aeA,2021-07-23,Vocero del MINSA: ‚ÄúEstamos prepar√°ndonos para recibir a mayores de 40 a√±os en la tercera vacunat√≥n‚Äù,"Este fin de semana se iniciar√° la tercera vacunat√≥n con personas mayores de 40 a√±os, inform√≥ Arturo Granados, vocero del MINSA.",25,7305,29,67,NA,RPP|RPP Noticias|Noticias Peru|Per√∫|Lima|Noticias|Informaci√≥n|Directo En Directo|Peruanos|Peruanos en USA|Programas peruanos|Programas del Per√∫|Radio Programas del Per√∫|Noticias del Per√∫|coronavirus en Per√∫|Sagasti hoy|Casos de coronavirus hoy|casos covid hoy|elecciones 2021|pedro castillo|Per√∫ Libre|Castillo presidente|√°ngeles de la muerte|hospital Almenara|tercera vacunat√≥n|vacunas mayores de 40 a√±os|link de vacunas
2Zcik-BInj4,RPP Noticias,UC5j8-2FT0ZMMBkmK72R4aeA,2021-07-27,Jim√©nez: ‚ÄúEs necesario ingresar a la plataforma y verificar qu√© d√≠a les toca su vacuna‚Äù,"‚ÄúLlamamos a la calma a toda la poblaci√≥n respecto al proceso de vacunaci√≥n, la programaci√≥n est√° elaborada hasta fin de a√±o incluso proyectada a enero del 2022‚Äù, afirm√≥ en RPP Gabriela Jim√©nez, directora de Inmunizaciones del MINSA",25,2446,5,19,NA,RPP|RPP Noticias|Noticias Peru|Per√∫|Lima|Noticias|Informaci√≥n|Directo En Directo|Peruanos|Peruanos en USA|Programas peruanos|Programas del Per√∫|Radio Programas del Per√∫|Noticias del Per√∫|coronavirus en Per√∫|CASTILLO hoy|Casos de coronavirus hoy|casos covid hoy|elecciones 2021|proceso de vacunaci√≥n|programaci√≥n de vacunas|Gabriela Jim√©nez|directora de Inmunizaciones del MINSA|28 feriado|28 y 29 de julio|vacunas en 28 de julio
B-soHIC9u_k,RPP Noticias,UC5j8-2FT0ZMMBkmK72R4aeA,2021-08-03,"Huerta: ‚Äúel 99,999 % de vacunados no han tenido alg√∫n caso grave o han fallecido por covid-19‚Äù","‚ÄúLa efectividad de una vacuna se mide en tres niveles al evitar: la infecci√≥n, agravamiento de la enfermedad o causar la muerte‚Äù, sostuvo en RPP el Dr. Elmer Huerta, consejero m√©dico de RPP.
",25,1856,22,24,NA,RPP|RPP Noticias|Noticias Peru|Per√∫|Lima|Noticias|Informaci√≥n|Directo En Directo|Peruanos|Peruanos en USA|Programas peruanos|Programas del Per√∫|Radio Programas del Per√∫|Noticias del Per√∫|coronavirus en Per√∫|Sagasti hoy|Casos de coronavirus hoy|casos covid hoy|elmer huerta|vacunas en EE.UU.
Ij-Z-M0Q0a0,RPP Noticias,UC5j8-2FT0ZMMBkmK72R4aeA,2021-08-03,Jim√©nez: ‚Äúpara la vacunat√≥n de este fin de semana la meta es 300 mil personas en Lima y Callao‚Äù,"‚ÄúEstamos preparando la cuarta vacunat√≥n para este fin de semana en Lima y Callao con una meta de 300 mil personas vacunadas‚Äù, sostuvo en RPP la lic. Gabriela Jim√©nez, jefa de la dir. de inmunizaciones del MINSA",25,2199,4,20,NA,cuarta vacunat√≥n|personas vacunadas|Gabriela Jim√©nez|jefa|inmunizaciones del MINSA|RPP|RPP Noticias|Noticias Peru|Per√∫|Lima|Noticias|Informaci√≥n|Directo En Directo|Peruanos|Peruanos en USA|Programas peruanos|Programas del Per√∫|Radio Programas del Per√∫|Noticias del Per√∫|coronavirus en Per√∫|Sagasti hoy|Casos de coronavirus hoy|casos covid hoy
6tP7mpdrj7g,RPP Noticias,UC5j8-2FT0ZMMBkmK72R4aeA,2021-08-04,Ministro Hernando Cevallos sobre la vacuna de Sinopharm: ‚ÄúEs eficiente para controlar la mortalidad‚Äù,"El ministro de Salud, Hernando Cevallos, resalt√≥ que la vacuna de Sinopharm es eficiente para prevenir la hospitalizaci√≥n y controlar la mortalidad por COVID-19.",25,42299,465,550,NA,RPP|RPP Noticias|Noticias Peru|Per√∫|Dr. Elmer Huerta|Ministro de Salud|Hernando Cevallos|Todo sobre el coronavirus|Espacio vital|Programas del Dr Huerta|Dr Huerta|Ministro de Salud de Pedro Castillo|Ministro de Pedro Castillo|Gabinete de Pedro Castillo|Pedro Castillo pandemia|Pedro Castillo coronavirus|Coronavirus en el Per√∫|COVID-19 en Per√∫
9dY-dpUeD6E,RPP Noticias,UC5j8-2FT0ZMMBkmK72R4aeA,2021-08-04,COVID-19: Los testimonios de ciudadanos que han recibido la vacuna de Sinopharm,RPP Noticias ha recogido los testimonios de algunos ciudadanos que ya han recibido sus dosis de la vacuna contra la COVID-19 del laboratorio Sinopharm. Conoce sus experiencias en esta audiogaler√≠a.,25,1699,30,15,NA,RPP|RPP Noticias|Noticias Peru|Per√∫|Lima|Noticias|Informaci√≥n|Directo En Directo|Peruanos|Peruanos en USA|Programas peruanos|Programas del Per√∫|Radio Programas del Per√∫|Noticias del Per√∫|coronavirus en Per√∫|Castillo hoy|Casos de coronavirus hoy|casos covid hoy|Castillo presidente|llegan vacunas peru|PROPUESTAS PRESIDENCIALES|Per√∫ libre|noticias castillo|Percy Mayta-Trist√°n|efectividad de las vacunas
Z66i6jUmK0g,RPP Noticias,UC5j8-2FT0ZMMBkmK72R4aeA,2021-08-04,Minsa brinda conferencia sobre eficacia de vacuna Sinopharm,"‚ÄúLuego de la segunda dosis de Sinopharm la mortalidad por COVID disminuye‚Äù, sostuvo Lely Solari, m√©dica infect√≥loga.
",25,4912,99,27,NA,RPP|RPP Noticias|Noticias Peru|Per√∫|Lima|Noticias|Informaci√≥n|Directo En Directo|Peruanos|Peruanos en USA|Programas peruanos|Programas del Per√∫|Radio Programas del Per√∫|Noticias del Per√∫|coronavirus en Per√∫|Castillo hoy|Casos de coronavirus hoy|casos covid hoy|Castillo presidente|llegan vacunas peru|PROPUESTAS PRESIDENCIALES|Per√∫ libre|noticias castillo|Percy Mayta-Trist√°n|efectividad de las vacunas
eNxSXPcuuks,RPP Noticias,UC5j8-2FT0ZMMBkmK72R4aeA,2021-08-04,Mayta-Trist√°n: ‚Äúla vacuna Sinopharm tiene una efectividad bastante alta‚Äù,"El dr. Percy Mayta-Trist√°n, director de investigaci√≥n de la Universidad Cient√≠fica Del Sur, nos explica todo sobre la efectividad de las vacunas y los beneficios de estar vacunados
",25,16792,259,242,NA,RPP|RPP Noticias|Noticias Peru|Per√∫|Lima|Noticias|Informaci√≥n|Directo En Directo|Peruanos|Peruanos en USA|Programas peruanos|Programas del Per√∫|Radio Programas del Per√∫|Noticias del Per√∫|coronavirus en Per√∫|Castillo hoy|Casos de coronavirus hoy|casos covid hoy|Castillo presidente|llegan vacunas peru|PROPUESTAS PRESIDENCIALES|Per√∫ libre|noticias castillo|Percy Mayta-Trist√°n|efectividad de las vacunas
6ptc0dqWfDs,RPP Noticias,UC5j8-2FT0ZMMBkmK72R4aeA,2021-08-05,"Antonio Quispe: ""Decir que la vacuna de Sinopharm es agua destilada es una gran mentira""","Antonio Quispe, miembro del equipo de asesores del Ministerio de Salud, considera que ""hay un movimiento antivacunas muy fuerte"" en el Per√∫.
",25,13481,257,151,NA,RPP|RPP Noticias|Noticias Peru|Per√∫
-lKSy2XmQ6I,RPP Noticias,UC5j8-2FT0ZMMBkmK72R4aeA,2021-08-05,"Ministro Hernando Cevallos: ""Presidente Castillo se vacunar√° con dosis de Sinopharm""",,25,1009,7,8,NA,RPP|RPP Noticias|Noticias Peru|Per√∫
oGlvngeJXzo,RPP Noticias,UC5j8-2FT0ZMMBkmK72R4aeA,2021-08-05,"√ìscar Ugarte: ""No hay ning√∫n estudio en el pa√≠s que diga que la vacuna de Sinopharm no funcione""","El exministro de Salud, √ìscar Ugarte, se pronunci√≥ sobre las declaraciones que han emitido en contra de la vacuna de Sinopharm que forma parte del proceso de vacunaci√≥n en el Per√∫.
",25,2909,59,25,NA,RPP|RPP Noticias|Noticias Peru|Per√∫
hY2btSs5lz4,RPP Noticias,UC5j8-2FT0ZMMBkmK72R4aeA,2021-08-05,"M√©dico vacunado con Sinopharm: ""La vacuna cumple su objetivo, reducir la mortalidad""","Dr. Walter Luque, jefe de pediatr√≠a del Hospital Dos de Mayo, cont√≥ su experiencia despu√©s de haber recibido la vacuna de Sinopharm y c√≥mo cambi√≥ el ambiente laboral despu√©s de que el personal de salud la recibiera.
",25,1357,31,17,NA,RPP|RPP Noticias|Noticias Peru|Per√∫
zcFgzY8rsyU,RPP Noticias,UC5j8-2FT0ZMMBkmK72R4aeA,2021-08-05,Vacuna de Sinopharm: Colegio de Bi√≥logos rechaza declaraciones del congresista Ernesto Bustamante,"El Colegio de Bi√≥logos del Per√∫ inform√≥ que las declaraciones del congresista de Fuerza Popular, Ernesto Bustamante, sobre la vacuna contra el COVID-19 del laboratorio chino Sinopharm son a t√≠tulo personal y que su instituci√≥n alienta la vacunaci√≥n emprendida por el Estado.",25,5141,89,39,NA,RPP|RPP Noticias|Noticias Peru|Per√∫|Congresista Ernesto Bustamante|Vacunas de Sinopharm
aWwveewy-QE,RPP Noticias,UC5j8-2FT0ZMMBkmK72R4aeA,2021-08-06,Presidente Pedro Castillo recibi√≥ la primera dosis de vacuna Sinopharm contra la COVID-19,Pedro Castillo recibe la primera dosis de vacuna contra el COVID-19,25,33131,451,370,NA,pedro castillo|Cambio de mando|castillo en ayacucho|en vivo|evo morales|RPP|RPP Noticias|Noticias Peru|Per√∫|Lima|Noticias|Informaci√≥n|Directo En Directo|Peruanos en USA|Programas peruanos|Programas del Per√∫|Radio Programas del Per√∫|CASTILLO hoy|Per√∫ Libre|NOTICIAS CASTILLO|CASTILLO PRESIDENTE|MISA peru|rpp en vivo|tv peru en vivo|peru en vivo|pedro castillo en vivo|mensaje presidencial de pedro castillo|vacuna castillo|pedro castillo vacuna
TbhIa-ybRXM,RPP Noticias,UC5j8-2FT0ZMMBkmK72R4aeA,2021-08-06,Gustavo Rosell: ‚ÄúEstudios en el pa√≠s demuestran que la vacuna Sinopharm es efectiva‚Äù,"‚ÄúNuestro plan de vacunaci√≥n contempla vacunas de varios laboratorios para poder abastecernos‚Äù, afirm√≥ Gustavo Rosell,viceministro de Salud
",25,1540,36,10,NA,RPP|RPP Noticias|Noticias Peru|Per√∫|Lima|Noticias|Informaci√≥n|Directo En Directo|Peruanos|Peruanos en USA|Programas peruanos|Programas del Per√∫|Radio Programas del Per√∫|Noticias del Per√∫|coronavirus en Per√∫|Castillo hoy|Casos de coronavirus hoy|casos covid hoy|Castillo presidente|llegan vacunas peru|PROPUESTAS PRESIDENCIALES|Per√∫ libre|noticias castillo|vacunaton|vacunas|Gustavo Rosell|viceministro de Salud
yTASknMQ8wY,RPP Noticias,UC5j8-2FT0ZMMBkmK72R4aeA,2021-08-07,"Estudio de Sinopharm en el Per√∫: ""Es una vacuna que nos da seguridad""","Sergio Recuenco, investigador principal del estudio Sinopharm en el Per√∫, coment√≥ las diferencias que tiene esta vacuna de otras.
",25,12907,98,216,NA,RPP|RPP Noticias|Noticias Peru|Per√∫|Segio Recuenco|Investigador principal del estudio Sinopharm en Per√∫|Vacuna de Sinopharm|Vacunaci√≥n en el Per√∫|Vacunas en Per√∫|Pedro Castillo|Segunda dosis
RxUCfQn-8kI,RPP Noticias,UC5j8-2FT0ZMMBkmK72R4aeA,2021-08-09,Dir. de Inmunizaciones del Minsa:‚ÄúTenemos la capacidad instalada para poder acelerar la vacunaci√≥n‚Äù,"‚ÄúEstamos demostrando que en el pa√≠s tenemos la capacidad instalada para poder acelerar la vacunaci√≥n, mucho depende de la llegada de dosis‚Äù, dijo en RPP Gabriela Jimenez, directora de Inmunizaciones del Minsa. 
",25,930,4,13,NA,RPP|RPP Noticias|Noticias Peru|Per√∫|Lima|Noticias|Informaci√≥n|Directo En Directo|Peruanos|Peruanos en USA|Programas peruanos|Programas del Per√∫|Radio Programas del Per√∫|Noticias del Per√∫|coronavirus en Per√∫|Castillo hoy|Casos de coronavirus hoy|casos covid hoy|Castillo presidente|llegan vacunas peru|PROPUESTAS PRESIDENCIALES|Per√∫ libre|noticias castillo|acelerar la vacunaci√≥n|llegada de dosis|Gabriela Jimenez|directora de Inmunizaciones|Minsa
imYe-fd04ts,RPP Noticias,UC5j8-2FT0ZMMBkmK72R4aeA,2021-08-10,Hospital Regional de Loreto: Pacientes COVID-19 en UCI no quisieron vacunarse con Sinopharm,"El m√©dico infect√≥logo Juan Celis se√±al√≥ que actualmente hay doce personas en UCI del Hospital Regional. De ese total, diez manifestaron que hab√≠an preferido esperar a que lleguen a la regi√≥n dosis de Pfizer u otro laboratorio.
",25,2688,31,28,NA,RPP|RPP Noticias|Noticias Peru|Per√∫
CuF-2taa43k,RPP Noticias,UC5j8-2FT0ZMMBkmK72R4aeA,2021-08-10,Oscar Ugarte: ‚Äúno es cierto que haya un d√©ficit de vacunas Pfizer‚Äù,"‚ÄúEn el caso de Pfizer est√° previsto 2 millones 80 mil para este mes con calendario fijos por el lado de Sinopharm hay 3 millones con pr√≥ximas llegadas‚Äù, afirm√≥ en RPP Oscar Ugarte, exministro de salud.",25,24780,137,285,NA,RPP|RPP Noticias|Noticias Peru|Per√∫|Lima|Noticias|Informaci√≥n|Directo En Directo|Peruanos|Peruanos en USA|Programas peruanos|Programas del Per√∫|Radio Programas del Per√∫|Noticias del Per√∫|coronavirus en Per√∫|Castillo hoy|Casos de coronavirus hoy|casos covid hoy|Castillo presidente|llegan vacunas peru|PROPUESTAS PRESIDENCIALES|Per√∫ libre|noticias castillo|Oscar Ugarte|HERNANDO CEVALLOS|DO HAY VACUNAS|DOSIS DE PIZER
mqx4mpP9wQ4,RPP Noticias,UC5j8-2FT0ZMMBkmK72R4aeA,2021-08-10,Quinta 'Vacunat√≥n' no se realizar√≠a este fin de semana por retraso de dosis,"El ministro de Salud, Hernando Cevallos, reconoci√≥ que existe un retraso en la entrega de vacunas por parte del laboratorio chino Sinopharm, tras recordar que un mill√≥n de dosis debi√≥ haber llegado al pa√≠s el 4 de agosto pasado.",25,454,2,3,NA,RPP|RPP Noticias|Noticias Peru|Per√∫
YUNuknVCqxM,RPP Noticias,UC5j8-2FT0ZMMBkmK72R4aeA,2021-08-11,La vacuna de J&J parece ser efectiva contra la variante Delta,"El dr. Elmer Huerta, asesor m√©dico de RPP nos explica las √∫ltimas informaciones sobre la vacuna de J&J que parece ser efectiva contra la variante Delta 
",25,2314,69,56,NA,RPP|RPP Noticias|Noticias Peru|Per√∫|Lima|Noticias|Informaci√≥n|Directo En Directo|Peruanos|Peruanos en USA|Programas peruanos|Programas del Per√∫|Radio Programas del Per√∫|Noticias del Per√∫|coronavirus en Per√∫|Castillo hoy|Casos de coronavirus hoy|casos covid hoy|Castillo presidente|llegan vacunas peru|VARIANTE DELTA|DR. ELMER HUERTA|ELMER HUERTA|CNN|VACUNA J&J
rr9jIi41jrU,RPP Noticias,UC5j8-2FT0ZMMBkmK72R4aeA,2021-08-18,Apu P√©rez: ‚ÄúInsistimos en la capacitaci√≥n de pobladores ind√≠genas para ser promotores de salud‚Äù,"El apu Jorge P√©rez Rubio, presidente de AIDESEP, dijo en RPP que presentaron propuestas al gobierno regional y al MINSA sobre campa√±as de informaci√≥n de las vacunas en las comunidades ind√≠genas
",25,372,0,1,NA,RPP|RPP Noticias|Noticias Peru|Per√∫|Lima|Noticias|Informaci√≥n|Directo En Directo|Peruanos|Peruanos en USA|Programas peruanos|Programas del Per√∫|Radio Programas del Per√∫|Noticias del Per√∫|coronavirus en Per√∫|Castillo hoy|Casos de coronavirus hoy|casos covid hoy|Castillo presidente|llegan vacunas peru|PROPUESTAS PRESIDENCIALES|Per√∫ libre|noticias castillo|comunidad de Pucacuro|brote COVID|director regional de Salud de Loreto|Carlos Calampa
SHhktE-OEz8,RPP Noticias,UC5j8-2FT0ZMMBkmK72R4aeA,2021-08-21,Minsa eval√∫a la posibilidad de una tercera dosis contra la COVID-19 para el 2022,"La jefa de la Direcci√≥n de Inmunizaciones del Minsa, Gabriela Jim√©nez, indic√≥ que han mantenido conversaciones sobre este tema con otros pa√≠ses y est√° siendo discutido en mesas de trabajo con los colegios profesionales y especialistas.
",25,2374,9,17,NA,RPP|RPP Noticias|Noticias Peru|Per√∫|Noticias|Programas peruanos|Programas del Per√∫|Noticias del Per√∫|coronavirus peru|estado de emergencia peru|COVID-19 en Per√∫|vacuna covid|sinopharm|vacunaci√≥n peru|variante|pedro castillo
a6yno-_7XDw,RPP Noticias,UC5j8-2FT0ZMMBkmK72R4aeA,2021-09-03,Nueva jornada de ‚ÄòVacunat√≥n‚Äô para mayores de 32 a√±os,"La directora de Inmunizaciones del Minsa, Gabriela Jim√©nez, se√±al√≥ que el objetivo es vacunar a las personas de 32 y 33 a√±os con la primera dosis, adem√°s de aquellos de 34 y 35 a√±os que se encuentran rezagados.",25,3270,4,33,NA,RPP|RPP Noticias|Noticias Peru|Per√∫|vacunat√≥n|mayores de 32 a√±os|link para vacunas|gabriela jimenez
8-6H8qe965s,RPP Noticias,UC5j8-2FT0ZMMBkmK72R4aeA,2021-09-04,MINSA inici√≥ inmunizaci√≥n para docentes de instituciones educativas de zonas urbanas de Lima,El Ministerio de Salud inici√≥ vacunaci√≥n contra la covid-19 para docentes de instituciones educativas de zonas urbanas de Lima,25,873,4,12,NA,RPP|RPP Noticias|Noticias Peru|Per√∫
LfRZxhbO8mQ,RPP Noticias,UC5j8-2FT0ZMMBkmK72R4aeA,2021-09-06,Minsa: mayores de 30 a√±os pueden vacunarse desde hoy domingo 5 de setiembre contra la COVID-19,,25,9607,46,131,NA,RPP|RPP Noticias|Noticias Peru|Per√∫
vQuJXbAw98E,RPP Noticias,UC5j8-2FT0ZMMBkmK72R4aeA,2021-09-07,¬øQu√© demuestran estudios realizados en Israel sobre la efectividad de la dosis de refuerzo?,"El dr. Elmer Huerta, asesor m√©dico de RPP nos explica en qu√© demuestran estudios realizados en Israel sobre la efectividad de la dosis de refuerzo
",25,1481,5,16,NA,RPP|RPP Noticias|Noticias Peru|Per√∫|Lima|Noticias|Informaci√≥n|Directo En Directo|Peruanos|Peruanos en USA|Programas peruanos|Programas del Per√∫|Radio Programas del Per√∫|Noticias del Per√∫|coronavirus en Per√∫|Castillo hoy|Casos de coronavirus hoy|casos covid hoy|Castillo presidente|llegan vacunas peru|PROPUESTAS PRESIDENCIALES|Per√∫ libre|noticias castillo|HUERTA|TERCERA DOSIS|DOSIS DE REFUERZO|PFIZER|MODERNA
g2vzaRCZCCQ,RPP Noticias,UC5j8-2FT0ZMMBkmK72R4aeA,2021-09-08,"Minsa anuncia nueva estrategia: ‚Äúvamos a tu encuentro, vac√∫nate ya‚Äù","Minsa puso en marcha una nueva estrategia que busca acercar la vacuna contra la COVID-19 a todas las personas que por distintos problemas no ha podido acudir a vacunarse, la iniciativa fue lanzada en el mercado mayorista de Santa Anita",25,1633,9,21,NA,RPP|RPP Noticias|Noticias Peru|Per√∫|VACUNATE YA|VAMOS A TU ENCUENTRO|NUEVA ESTRATEGIA D EVACUNACI√ìN|MINSA ESTRATEGIAS DE VAUNACI√ìN|MERCADO DE SANTA ANITA
aJmV3whpxII,RPP Noticias,UC5j8-2FT0ZMMBkmK72R4aeA,2021-09-20,"Minaya: ‚ÄúEn Pfizer, la vacuna es la misma la √∫nica diferencia es la cantidad de la dosis‚Äù","Percy Minaya, m√©dico epidemi√≥logo, explica los fundamentos por los que el MINSA iniciar√≠a la vacunaci√≥n para menores de 12 a 17 a√±os.",25,3565,14,48,NA,RPP|RPP Noticias|Noticias Peru|Per√∫|minsa|vacunas menos de 12 a√±os|vacunas en ni√±os
o6oXs16XE7k,RPP Noticias,UC5j8-2FT0ZMMBkmK72R4aeA,2021-09-24,Pfizer anuncia que su vacuna es efectiva en ni√±os entre 5 a 11 a√±os,"La l√≠der de asuntos cient√≠ficos de la Divisi√≥n de vacunas Pfizer, Graciela Morales, se manifest√≥ sobre la efectividad de la vacuna Pfizer en ni√±os de entre 5 y 11 a√±os.",25,2127,15,25,NA,RPP|RPP Noticias|Noticias Peru|Per√∫|Noticias|Programas peruanos|Programas del Per√∫|Noticias del Per√∫|coronavirus peru|estado de emergencia peru|COVID-19 en Per√∫|vacuna covid|sinopharm|vacunaci√≥n peru|variante|pedro castillo|PFIZER|SINOPHARM|vacuna pfizer|vacuna sinopharm|graciela morales
nrGiVdYJEkw,RPP Noticias,UC5j8-2FT0ZMMBkmK72R4aeA,2021-09-27,Preguntas y respuestas: Nueva jornada de vacunaci√≥n para personas a partir de los 21 a√±os,"En el programa 'Encendidos', la licenciada Gabriela Jim√©nez, directora de Inmunizaciones del Minsa, resolvi√≥ algunas dudas sobre la vacunaci√≥n contra la COVID-19.",25,1760,5,15,NA,RPP|RPP Noticias|Noticias Peru|Per√∫|Lima|Noticias|Informaci√≥n|Directo En Directo|Peruanos|Peruanos en USA|Programas peruanos|Programas del Per√∫|Radio Programas del Per√∫|Noticias del Per√∫|coronavirus en Per√∫|Castillo hoy|Casos de coronavirus hoy|casos covid hoy|vacunacion para mayores de 21 a√±os|mayores de 21 a√±os|link de vacunas|donde me vacuno|vacuna pfizer chincha
hX3F5mt2GGs,RPP Noticias,UC5j8-2FT0ZMMBkmK72R4aeA,2021-10-05,M√°s del 90 % de fallecidos y hospitalizados por la COVID-19 no estaba vacunado,"‚ÄúUn estudio reciente del MINSA que indica que 9 de 10 personas en UCI no estaba vacunada contra la COVID-19‚Äù, dijo en RPP Valerie Paz Sold√°n, dra. en salud p√∫blica e investigadora en enfermedades infecciosas.",25,3682,28,33,NA,RPP|RPP Noticias|Noticias Peru|Per√∫|Lima|Noticias|Informaci√≥n|Directo En Directo|Peruanos|Peruanos en USA|Programas peruanos|Programas del Per√∫|Radio Programas del Per√∫|Noticias del Per√∫|coronavirus en Per√∫|Castillo hoy|Casos de coronavirus hoy|casos covid hoy|d√≠a de la mediciona peruana|Zulema Tomas|directora general del hospital del Ni√±o|San Borja|VALERIE PAZ SOLD√ÅN
KGw5v7BwJgg,RPP Noticias,UC5j8-2FT0ZMMBkmK72R4aeA,2021-10-06,AstraZeneca anuncia avances en tratamiento eficaz contra el covid-19,"El dr. Elmer Huerta, asesor m√©dico de RPP nos explica las diferencias y caracter√≠sticas de la nueva medicina de AztraZeneca contra la covid-19",25,1578,1,12,NA,Elmer Huerta|vacunas para ni√±os|12 a√±os|RPP|RPP Noticias|Noticias Peru|Per√∫|Lima|Noticias|Informaci√≥n|Directo En Directo|Peruanos|Peruanos en USA|Programas peruanos|Programas del Per√∫|Radio Programas del Per√∫|Noticias del Per√∫|coronavirus en Per√∫|Castillo hoy|Casos de coronavirus hoy|casos covid hoy|Castillo presidente|llegan vacunas peru|PROPUESTAS PRESIDENCIALES|Per√∫ libre|noticias castillo
lxF9df4jCUw,RPP Noticias,UC5j8-2FT0ZMMBkmK72R4aeA,2021-10-13,MINSA aprueba protocolo de vacunaci√≥n contra la COVID-19 a menores de 12 a 17 a√±os,"El MINSA aprob√≥ el protocolo de vacunaci√≥n contra la COVID-19 para adolescentes de 12 a 17 a√±os a nivel nacional. se tiene previsto iniciar con este grupo etario en noviembre pr√≥ximo. ¬øqu√© deben saber los pap√°s sobre este proceso? Gabriela Jim√©nez, directora ejecutiva de inmunizaciones, despeja sus dudas.",25,4231,71,49,NA,RPP|RPP Noticias|Noticias Peru|Per√∫|Lima|Noticias|Informaci√≥n|Directo En Directo|Peruanos|Peruanos en USA|Programas peruanos|Programas del Per√∫|Radio Programas del Per√∫|Noticias del Per√∫|tipo de cambio en el Per√∫|vacunas|vacunas para menos de 12 a 17
XTLTLGGQYjs,RPP Noticias,UC5j8-2FT0ZMMBkmK72R4aeA,2021-10-20,Circulan noticias falsas sobre efectos secundarios de vacuna Pfizer,"La lic. Gabriela Jim√©nez, dir. de inmunizaciones del MINSA, alerta sobre noticias falsas sobre efectos secundarios de vacuna Pfizer
",25,1555,30,8,NA,RPP|RPP Noticias|Noticias Peru|Per√∫|Lima|Noticias|Informaci√≥n|Directo En Directo|Peruanos|Peruanos en USA|Programas peruanos|Programas del Per√∫|Radio Programas del Per√∫|Noticias del Per√∫|coronavirus en Per√∫|Castillo hoy|Casos de coronavirus hoy|casos covid hoy|Castillo presidente|fake news|noticias faslas|la verdad sobre las vacunas
HBxk_-2Us3Y,RPP Noticias,UC5j8-2FT0ZMMBkmK72R4aeA,2021-10-22,¬øQu√© tan efectiva es la dosis de refuerzo de Pfizer?,"El dr. Elmer Huerta, asesor m√©dico de RPP nos explica qu√© tan efectiva es la dosis de refuerzo de Pfizer
",25,2099,6,29,NA,Elmer Huerta|vacunas para ni√±os|12 a√±os|RPP|RPP Noticias|Noticias Peru|Per√∫|Lima|Noticias|Informaci√≥n|Directo En Directo|Peruanos|Peruanos en USA|Programas peruanos|Programas del Per√∫|Radio Programas del Per√∫|Noticias del Per√∫|coronavirus en Per√∫|Castillo hoy|Casos de coronavirus hoy|casos covid hoy|Castillo presidente|llegan vacunas peru|PROPUESTAS PRESIDENCIALES|Per√∫ libre|noticias castillo
EM0JFwzM02M,RPP Noticias,UC5j8-2FT0ZMMBkmK72R4aeA,2021-10-26,¬øCu√°ndo comenzar√°n a aplicarse la tercera dosis en los adultos de 65 a√±os?,"La lic. Gabriela Jim√©nez, dir. de inmunizaciones del Minsa, nos explica cu√°ndo comenzar√°n a aplicarse la tercera dosis en los adultos de 65 a√±os.",25,7966,26,48,NA,RPP|RPP Noticias|Noticias Peru|Per√∫|Lima|Noticias|Informaci√≥n|Directo En Directo|Peruanos|Peruanos en USA|Programas peruanos|Programas del Per√∫|Radio Programas del Per√∫|Noticias del Per√∫|coronavirus en Per√∫|Castillo hoy|Casos de coronavirus hoy|casos covid|vacunas para mayores de 65
PRWKfGrgbXA,RPP Noticias,UC5j8-2FT0ZMMBkmK72R4aeA,2021-10-28,Covid-19: aplicaci√≥n de la tercera dosis a mayores de 65 a√±os comenzar√° en noviembre,"Minsa recomend√≥ a interesados y familiares estar atentos a la plataforma 'Pongo el Hombro' para informarse de fecha y lugar.
",25,3519,28,65,NA,RPP|RPP Noticias|Noticias Peru|Per√∫|vacuna covid|sinopharm|vacunaci√≥n peru|variante|pedro castillo|percy minaya|oferta de vacuna|tercera dosis|dosis de refuerzo|vacuna de refuerzo|vacunacion|mayores de 65
BQ5RW6Xwk_0,RPP Noticias,UC5j8-2FT0ZMMBkmK72R4aeA,2021-10-28,COVID-19: vacunaci√≥n a adolescentes de 12 a 17 a√±os ser√° simult√°nea en todo el pa√≠s,"Entre el 1¬∞ y el 2 de noviembre empezar√≠a la aplicaci√≥n de la tercera dosis de refuerzo contra el covid-19 a la poblaci√≥n de 65 a√±os a m√°s en el Per√∫, inform√≥ la directora de Inmunizaciones del Minsa, Gabriela Jim√©nez.",25,4723,29,60,NA,RPP|RPP Noticias|Noticias Peru|Per√∫|vacunacion de menores|12 a 17|17 a 12|vacunacion peru|Noticias|Programas peruanos|Programas del Per√∫|Noticias del Per√∫|vacuna covid|sinopharm|vacunaci√≥n peru|variante|pedro castillo|menores de edad|vacuna de refuerzo|adultos mayores|vacuna adultos mayores|tercera dosis
8_941XOTWok,RPP Noticias,UC5j8-2FT0ZMMBkmK72R4aeA,2021-11-10,Gabriela Jim√©nez: ‚Äúvacunas Pfizer o Moderna ser√≠an aplicadas a ni√±os de 5 a 12 a√±os‚Äù,"La licenciada Gabriela Jim√©nez, directora de inmunizaciones del MINSA, nos explica qu√© vacunas se estar√≠an aplicando para los ni√±os de 5 a 12 a√±os en enero pr√≥ximo.",25,772,9,7,NA,RPP|RPP Noticias|Noticias Peru|Per√∫
m0Kal1hb8b4,RPP Noticias,UC5j8-2FT0ZMMBkmK72R4aeA,2021-11-27,"MINSA |Mayores de 18 a√±os pueden recibir tercera dosis: ""no vacunados son la mayor√≠a de contagiados""","El inmun√≥logo Juan More, se√±al√≥ que se han incrementado los casos de COVID-19 y la gran mayor√≠a no tiene la vacunaci√≥n completa.",25,1647,3,26,NA,RPP|RPP Noticias|Noticias Peru|Per√∫|casos covid|covid peru|vacunacion peru|peru vacunacion|juan more|vacuna covid|sinopharm|vacunaci√≥n peru|variante|pedro castillo|peru libre
XyE9gcw9G9Y,RPP Noticias,UC5j8-2FT0ZMMBkmK72R4aeA,2021-11-29,Directora del MINSA: ¬øQui√©nes pueden recibir la tercera dosis?,,25,2579,9,19,NA,RPP|RPP Noticias|Noticias Peru|Per√∫
gnxQKydgfDg,RPP Noticias,UC5j8-2FT0ZMMBkmK72R4aeA,2021-12-21,C√©sar Munayco: ‚Äúes importante que la poblaci√≥n acuda a vacunarse con la tercera dosis‚Äù,"El investigador del Minsa, C√©sar Munayco, sostuvo que es importante acudir a aplicarnos la tercera dosis de la vacuna. 
",25,2094,31,27,NA,RPP|RPP Noticias|Noticias Peru|Per√∫|tercera dosis|cuarta dosis|vacunacion peru|Noticias|Programas peruanos|Programas del Per√∫|Noticias del Per√∫|vacuna covid|sinopharm|vacunaci√≥n peru|variante|pedro castillo|peru libre|hernando cevallos|minsa|ministerio de salud|vacuna|vacuna peru|cesar munayco|omicron
OOc3H0eOJiY,RPP Noticias,UC5j8-2FT0ZMMBkmK72R4aeA,2022-01-01,"Jim√©nez: ‚ÄúProbablemente, se planifique la posibilidad de aplicar una segunda dosis de refuerzo‚Äù","‚ÄúTenemos el reto que en este 2022 vamos a planificar de manera r√°pida y ordenada la vacunaci√≥n a ni√±os 5 a 11 a√±os‚Äù, dijo en RPP Gabriela Jim√©nez, jefa de inmunizaciones del MINSA.",25,3797,18,21,NA,RPP|RPP Noticias|Noticias Peru|Per√∫|Lima|Noticias|Informaci√≥n|Directo En Directo|Peruanos|Peruanos en USA|Programas peruanos|Programas del Per√∫|Radio Programas del Per√∫|Noticias del Per√∫|coronavirus en Per√∫|Castillo hoy|Casos de coronavirus hoy|casos covid hoy|Castillo presidente|Per√∫ libre|noticias castillo|variantes delta plus|Gabriela Jim√©nez|cerrando las brechas|cobertura de vacunaci√≥n|vacunaci√≥n a ni√±os 5 a 11 a√±os|jefa de inmunizaciones del MINSA
pOMb8EZ8zQU,RPP Noticias,UC5j8-2FT0ZMMBkmK72R4aeA,2022-01-04,FDA autoriza dosis de refuerzo para menores de 12 a 15 a√±os,"Carlos Medina, m√©dico infect√≥logo y jefe de la oficina de epidemiolog√≠a de Hospital Cayetano Heredia, dijo en RPP que cuando se eval√∫a la eficacia de una dosis de refuerzo frente a personas infectadas con la variante √≥micron la mayor√≠a de estas tiene s√≠ntomas leves.
",25,1333,12,30,NA,RPP|RPP Noticias|Noticias Peru|Per√∫|Lima|Noticias|Informaci√≥n|Peruanos|Peruanos en USA|Programas peruanos|FDA autoriza dosis de refuerzo|adolescentes covid|12 a 15 a√±os|Carlos Medina|m√©dico infect√≥logo|oficina de epidemiolog√≠a|hospital Cayetano Heredia|eval√∫a la eficacia|dosis de refuerzo|personas infectadas|variante √≥micron|s√≠ntomas leves
3UMuMD1auLE,RPP Noticias,UC5j8-2FT0ZMMBkmK72R4aeA,2022-01-04,C√©sar Munayco: ‚Äúun grupo importante de hospitalizados son no vacunados‚Äù,"El director del CDC del Minsa, C√©sar Munayco, advirti√≥ que un grupo importante de hospitalizados son no vacunados.
",25,1649,13,20,NA,RPP|RPP Noticias|Noticias Peru|Per√∫|vacuna covid|sinopharm|vacunaci√≥n peru|variante|omicron|cesar munayco|no vacunados|minsa|hernando cevallos
Unph4HZtUVA,RPP Noticias,UC5j8-2FT0ZMMBkmK72R4aeA,2022-01-13,√ìmicron: Lo que debes saber sobre el protocolo para la vacunaci√≥n a ni√±os de 5 a 11 a√±os,"Gabriela Jim√©nez, directora de inmunizaciones del Minsa, habl√≥ sobre c√≥mo ser√° el proceso de vacunaci√≥n para ni√±os de 5 a 11 a√±os en el Per√∫.",25,6725,68,84,NA,RPP|RPP Noticias|Noticias Peru|Per√∫|Gabriela Jim√©nez|Minsa|Vacunatorios para ni√±os|Ni√±os en el Per√∫|Ni√±os peruanos|Vacunaci√≥n en Per√∫|√ìmicron en Per√∫|COVID-19 en el Per√∫|Coronavirus en el Per√∫|Ministerio de Salud|Protocolo para la vacunaci√≥n|Ni√±os de 5 a 11 a√±os
VgxYlN8NtaI,RPP Noticias,UC5j8-2FT0ZMMBkmK72R4aeA,2022-01-13,Publican protocolo de vacunaci√≥n de ni√±os de 5 a 11 a√±os,"El protocolo cita los resultados en cuanto a la eficacia y efectividad de las vacunas.
",25,820,14,22,NA,RPP|RPP Noticias|Noticias Peru|Per√∫|vacunas|ni√±os|protocolo
sHlfPWtJVHo,RPP Noticias,UC5j8-2FT0ZMMBkmK72R4aeA,2022-01-15,Estudio revela que un 83.5% de padres vacunar√≠a a sus hijos menores de 12 a√±os,"El Ministerio de Salud (Minsa) ha anunciado el inicio de la campa√±a de vacunaci√≥n Covid-19 para los ni√±os de 5 a 11 a√±os, a partir de enero de 2022, aunque a√∫n no ha precisado un cronograma para este proceso.",25,3644,172,74,NA,RPP|RPP Noticias|Noticias Peru|Per√∫|vacuna covid|sinopharm|vacunaci√≥n peru|variante|omicron|jose gonzales|vacunacion ni√±os|regreso a clases|entre 5 y 11 a√±os|vacunacion para ni√±os|padres vacunan hijos
1fLuB2FW0sQ,RPP Noticias,UC5j8-2FT0ZMMBkmK72R4aeA,2022-01-17,COVID-19 en Per√∫: Vacunas para ni√±os de 5 a 11 a√±os llegan este 21 de enero,"Gabriela Jim√©nez, directora de inmunizaciones del Minsa, confirm√≥ la llegada de 996 mil dosis de la vacuna contra la COVID-19 para ni√±os entre 5 y 11 a√±os.",25,2961,13,20,NA,RPP|RPP Noticias|Noticias Peru|Per√∫|Gabriela Jimenez|Vacunaci√≥n|Minsa|Vacunaci√≥n de ni√±os|Menores de 11 a√±os|de 5 a 11 a√±os|Vacunaci√≥n infantil en Per√∫|Vacunaci√≥n contra la COVID-19|Coronavirus en Per√∫
XA6sBxaLD90,RPP Noticias,UC5j8-2FT0ZMMBkmK72R4aeA,2022-01-18,Resolvemos dudas frecuentes sobre el proceso de vacunaci√≥n a ni√±os de 5 a 11 a√±os,"La lic. Gabriela Jim√©nez, jefa de inmunizaciones del MINSA, despeja las dudas m√°s frecuentes sobre el proceso de vacunaci√≥n a ni√±os de 5 a 11 a√±os.",25,6141,35,105,NA,RPP|RPP Noticias|Noticias Peru|Per√∫|Lima|Noticias|Informaci√≥n|Directo En Directo|Peruanos|Peruanos en USA|Programas peruanos|Programas del Per√∫|Radio Programas del Per√∫|Noticias del Per√∫|coronavirus en Per√∫|Castillo hoy|EsSalud|223 mil contagios COVID|enero|√∫ltimas cifras a cerca del impacto|tercera Ola COVID-19|VACUNAS NI√ëOS PERU|gabriela jimenez minsa
63UsRcuFxTQ,RPP Noticias,UC5j8-2FT0ZMMBkmK72R4aeA,2022-01-20,"Dr. C√©sar Munayco: ""Ha habido un 50% de incremento en el n√∫mero de fallecidos""","El doctor C√©sar Munayco, investigador del CDC del Minsa, explic√≥ que las personas mayores de 60 a√±os son las que tienen mayor posibilidad de morir por COVID-19; sin embargo, el riesgo se reduce en 60% si esta cuenta con dos dosis de la vacuna y hasta 80 % con la dosis de refuerzo.",25,5235,42,52,NA,RPP|RPP Noticias|Noticias Peru|Per√∫|Dr. C√©sar Munayco|Tercera ola|Incremento en el n√∫mero de fallecidos|investigador del CDC del Minsa|Incremento de fallecidos|COVID-19|Casos COVID-19 en Per√∫|√ìmicron en Per√∫|Variantes de la COVID-19 en Per√∫|Noticias de √≥micron RPP|Noticias de COVID-19 RPP|Informaci√≥n en RPP Noticias|C√©sar Munayco|CDC del Minsa|Ministerio de Salud Minsa|Mayores de 60 a√±os|Dosis de refuerzo|Tercera dosis|Vacuna contra la COVID-19
V-Wk-3JkGbU,RPP Noticias,UC5j8-2FT0ZMMBkmK72R4aeA,2022-01-28,Per√∫: Desde hoy TODOS los menores ENTRE 5 Y 11 A√ëOS se pueden vacunar contra la COVID-19,"El doctor Mario Izquierdo, especialista en salud p√∫blica del Ministerio de Salud (Minsa), anunci√≥ que desde este fin de semana se abrir√° la vacunaci√≥n contra la COVID-19 para los menores entre 5 y 11 a√±os. El especialista advirti√≥ que en estos momentos la poblaci√≥n infantil ""es la m√°s susceptible"" a esta enfermedad por tratarse de un sector que no est√° vacunado.",25,870,7,9,NA,RPP|RPP Noticias|Noticias Peru|Per√∫|Todos los menores se pueden vacunar|Vacunaci√≥n de menores en Per√∫|Vacunaci√≥n en Per√∫|COVID-19 Per√∫|vacunaci√≥n Per√∫|Ni√±os entre 5 a 11 a√±os|Menores entre 5 a 11 a√±os|Dr. Mario Izquierdo|COVID-19 Ni√±os|COVID-19 menores 5 a 11 a√±os
rmVrzmXSOww,RPP Noticias,UC5j8-2FT0ZMMBkmK72R4aeA,2022-02-09,El Dr. Holgu√≠n explica que la cobertura de vacunaci√≥n se agrav√≥ antes de la llegada de la pandemia,"El Doctor Alexis Holgu√≠n, director general de intervenciones estrat√©gicas de salud p√∫blica del Minsa, habl√≥ sobre el balance de la vacunaci√≥n en el Per√∫, desde momentos previos a la pandemia a la actualidad.
",25,774,5,6,NA,RPP|RPP Noticias|Noticias Peru|Per√∫|vacunas|vacunacion|jornada de vacunacion|campa√±a de vacunacion|vacunacion covid 19|vacunacion coronavirus|minsa|ministerio de salud|influenza|neumococo
KDrNCwh_5hA,RPP Noticias,UC5j8-2FT0ZMMBkmK72R4aeA,2022-02-17,¬øPor qu√© algunos padres de familia no vacunan a sus ni√±os contra la COVID?,"Eduardo Verne, pediatra infect√≥logo y presidente del Comit√© de expertos e inmunizaciones del MINSA, nos explica por qu√© a pesar de ser una vacuna segura y efectiva, los padres de familia de la mayor√≠a de las regiones del Per√∫, no vacunan a sus ni√±os contra covid-19.",25,1108,9,9,NA,RPP|RPP Noticias|Noticias Peru|Per√∫|Lima|Noticias|Informaci√≥n|Directo En Directo|Peruanos|Peruanos en USA|Programas peruanos|Programas del Per√∫|Radio Programas del Per√∫|Noticias del Per√∫|coronavirus en Per√∫|VACUNACION COVID|VACUNAS|ELMER HUERTA|VACUNAS PARA NI√ëOS|VACUNAS PERU|RETORNO A ESCUELAS
8D1dQpMTak4,RPP Noticias,UC5j8-2FT0ZMMBkmK72R4aeA,2022-03-14,MINSA ha aplicado 3 millones de dosis de vacuna contra la COVID-19 a menores de edad,"La licenciada Mar√≠a Elena Mart√≠nez, directora ejecutiva de inmunizaciones del ministerio de Salud, reflexiona sobre el balance de la vacunaci√≥n en menores de edad contra la COVID-19.",25,672,11,6,NA,RPP|RPP Noticias|Noticias Peru|Per√∫|regreso a clases|a√±o escolar|maria elena martinez|inmunizacion|vacunas|vacunss a menores|vacunas a ni√±os|balance de vacunacion
36KI3ltXzCU,RPP Noticias,UC5j8-2FT0ZMMBkmK72R4aeA,2022-05-10,COVID-19: vacunado tiene 6.5 veces menos probabilidad de morir,"La doctora Lely Solari, m√©dico infect√≥loga del Instituto nacional de salud del Per√∫, habl√≥ sobre la cuarta dosis de vacunaci√≥n contra COVID-19.

00:00 Importancia de la vacunaci√≥n
02:30 Efectividad de la segunda dosis
03:43 Ola √≥micron
05:28 Necesidad de la cuarta dosis
07:20 Vacuna de influenza y la cuarta dosis
11:10 Llamadas de oyentes

#RPPNoticias. La voz de todo el Per√∫. Noticias del Per√∫ y el mundo, las 24 horas del d√≠a.",25,17736,130,247,NA,RPP|RPP Noticias|Noticias Peru|Per√∫|cuarta dosis|vacuna|pandemia|coid 19|coroanvirus|hospitalizacion|vacuna contra influenza|influenza