channel_id,channel_title,video_id,video_title,video_description,view_count,like_count,favorite_count,comment_count
UCsakKsRww3J7pM6DavkrAIQ,24 Horas,VTEQQsm0ME8,Minsa: vacuna Sinopharm muestra 94% de efectividad,"Varias personas programadas para recibir su segunda dosis de Pfizer en el vacunatorio de Plaza Norte, no pudieron recibirla ya que estas se hab√≠an agotado.
Esto se da en medio de los cuestionamientos y rechazos de un grupo de la poblaci√≥n tras el uso de la vacuna Sinopharm, representantes del Instituto Nacional de Salud brindaron una conferencia para asegurar la efectividad de la vacuna.""Hay una alta probabilidad de tener una tercera ola¬†(‚Ä¶) y la vacuna de Sinopharm es altamente efectiva para prevenir la muerte"", se√±al√≥ desde la sede ministerial de la avenida Salaverry, junto al director del INS, V√≠ctor Su√°rez Moreno.De acuerdo a un estudio de efectividad del INS, la vacuna del laboratorio Sinopharm tiene una efectividad en reducir muertes del 94%, este porcentaje fue el resultado de los estudios basados en la primera inoculaci√≥n al personal m√©dico en nuestro pa√≠s.De acuerdo al INS la variante Delta tomar√≠a protagonismo en la tercera ola que se proyecta iniciar√≠a en solo unas semanas.¬†
Ingresa a http://ptv.pe/328983 para m√°s informaci√≥n
Emitido en el programa 24 Horas Edici√≥n Central de Panamericana Televisi√≥n el 04/08/2021",1094,15,0,20
UCsakKsRww3J7pM6DavkrAIQ,24 Horas,UY9dgXisEPg,¬øCu√°l es la efectividad de la vacuna de Sinopharm? (1/2),"1El equipo de ‚Äú24 Horas Mediod√≠a‚Äù entrevist√≥ la tarde de este mi√©rcoles al inmun√≥logo, Juan More Bayona, quien dej√≥ en claro que la vacuna de Sinopharm es igual de efectiva que las elaboradas por otras farmac√©uticas.‚Äú(Tiene una efectividad) del 78% cuando hacemos el an√°lisis total para enfermedad del COVID-19, pero si nos centramos por ejemplo en el caso de enfermedad severa, enfermedad grave y muerte los porcentajes superan el 90%‚Äù, cont√≥ el especialista.Adem√°s, manifest√≥ que cualquier vacuna nos ‚Äúconfiere una protecci√≥n frente a la enfermedad severa, frente a la enfermedad mortal‚Äù.
2Ingresa a http://ptv.pe/328966 para m√°s informaci√≥n
Emitido en el programa 24 Horas Edici√≥n Medio D√≠a de Panamericana Televisi√≥n el 04/08/2021",1003,11,0,7
UCY8d83kIW6sK4au73qeZZTw,AFP Espa√±ol,7FOQUwMQ3ko,Per√∫ compra 52 millones de dosis de vacunas contra el covid-19 a Sinopharm y AstraZeneca | AFP,"Per√∫ anunci√≥ el mi√©rcoles que lleg√≥ a acuerdos de compra con la farmac√©utica china Sinopharm para adquirir 38 millones de dosis de su vacuna contra el covid-19, de las que debe recibir un primer mill√≥n en enero, y con la brit√°nica AstraZeneca por otros 14 millones, inform√≥ el gobierno.",7731,130,0,253
UCPhm2I2wk4vqjENwhn3px8A,Am√©rica Noticias,kOHHxaK0qw8,"¬øCu√°l es la efectividad de la vacuna de Sinopharm, seg√∫n estudio del INS?  | Primera Edici√≥n","¬øCu√°l es la efectividad de la vacuna de Sinopharm, seg√∫n estudio del INS? ",93948,1282,0,367
UCPhm2I2wk4vqjENwhn3px8A,Am√©rica Noticias,8AmgVyWNx9c,Vacuna Sinopharm tiene 90 % de efectividad en menores de 60 a√±o | Primera Edici√≥n,#PrimeraEdici√≥n,3626,34,0,32
UCPhm2I2wk4vqjENwhn3px8A,Am√©rica Noticias,aRhQpxn_3xg,Vacuna Sinopharm: Datos que confirman su efectividad para salvar vidas | Ut√≠l E Interesante,"Si este fin de semana te toca inmunizarte contra la COVID-19, pero a√∫n tienes ciertas dudas; te presentamos los datos claves y ver√≠dicos que debes conocer sobre la vacuna de Sinopharm",2174,18,0,43
UCPhm2I2wk4vqjENwhn3px8A,Am√©rica Noticias,kAlPOoCbpuU,SinoPharm: ¬øQu√© se sabe de su eficacia y efectos secundarios?  | Sanamente con el Doctor Huerta,#SanamenteConElDrHuerta,10180,112,0,51
UCPhm2I2wk4vqjENwhn3px8A,Am√©rica Noticias,X_uCR6KWytw,Jefa de los ensayos cl√≠nicos de Sinopharm respondi√≥ a comisi√≥n del Congreso | Primera Edici√≥n,#PrimeraEdici√≥n,541,2,0,0
UCUBIrDsIVzRpKsClMlSlTpQ,BBC News Mundo,Rj9JiCY49CE,Cu√°les son las vacunas chinas que se aplican en Am√©rica Latina y cu√°l es su eficacia | BBC Mundo,"China se ha convertido en un proveedor clave de vacunas para Am√©rica Latina. En este video ahondamos en informaci√≥n sobre las dosis chinas de los laboratorios Sinovac, Sinopharm y Cansino Biologics, y lo que revelan los primeros estudios sobre su eficacia.

‚óè Investigaci√≥n, guion y presentaci√≥n: Ana Mar√≠a Roura
‚óè Edici√≥n de video: Inma Gil
‚óè Editora: Natalia Pianzola",329018,10802,0,1237
UC_lEiu6917IJz03TnntWUaQ,CNN en Espa√±ol,XgOj7jh9SrM,Llega a Per√∫ el primer cargamento de vacunas de Sinopharm,"300.000 dosis de la vacuna contra el covid-19 del laboratorio chino llegaron a Per√∫ este domingo. Este es el primer cargamento que recibi√≥ el pa√≠s, de un total de un mill√≥n de dosis pactadas con Sinopharm, seg√∫n el presidente interino Francisco Sagasti. Est√° programado que el resto de las dosis salgan desde China el pr√≥ximo 13 de febrero. Sagasti tambi√©n dijo que siguen avanzando en los acuerdos y negociaciones con otros proveedores para garantizar la inmunizaci√≥n de toda la poblaci√≥n lo m√°s pronto posible.
",15983,343,0,263
UCLtGUPjKLqa3zgdmhKCZONg,Diario El Comercio Videos,g3I4rPgOA8c,Sinopharm y AstraZeneca: Todo sobre las vacunas que compr√≥ el Per√∫ | El Comercio | VideosEC,"#Sinopharm y #Astrazeneca: Todo sobre las vacunas contra el #COVID19 que compr√≥ el Per√∫. A continuaci√≥n conversamos con Juan More Bayona, doctor en Inmunolog√≠a Comparada e investigador de la UNMSM. ",2384,29,0,14
UCLtGUPjKLqa3zgdmhKCZONg,Diario El Comercio Videos,eBUN3pDYpv0,Covid-19: mitos y verdades de la vacuna de Sinopharm | #LPD | #VideosEC,"Dudas y temores ha causado en un sector de la poblaci√≥n la decisi√≥n del Gobierno peruano de aplicar dosis de la vacuna de Sinopharm contra el COVID-19. Un ejemplo de ello es que el pasado martes, un grupo de personas abandon√≥ el Parque de la Exposici√≥n, donde funciona un centro de vacunaci√≥n, tras enterarse de que se le inmunizar√≠a con el f√°rmaco del laboratorio chino.",14265,153,0,94
UCLtGUPjKLqa3zgdmhKCZONg,Diario El Comercio Videos,l8Tmlzp-GEA,Vacuna Sinopharm: lo que no sabias sobre su efectividad frente al coronavirus,"La vacuna de Sinopharm ha generado bastantes dudas en gran parte de la poblaci√≥n. Por tal motivo, te mostramos la efectividad que tiene frente al COVID-19.",6774,63,0,81
UCLtGUPjKLqa3zgdmhKCZONg,Diario El Comercio Videos,FXzG-4vN5IA,Sinopharm y AstraZeneca: todo sobre las vacunas contra el COVID-19 que compr√≥ el PER√ö,"¬øCu√°nta eficacia han demostrado? ¬øQu√© se sabe de sus efectos secundarios? ¬øEn qu√© pa√≠ses ya se est√°n aplicando? A continuaci√≥n, lo que debes saber sobre estas #vacunas contra el COVID-19 que llegar√°n al #Per√∫: #Sinopharm y AstraZeneca.",15247,131,0,72
UCLtGUPjKLqa3zgdmhKCZONg,Diario El Comercio Videos,z2RpNhE7vAc,Coronavirus Per√∫: Francisco Sagasti recibe vacuna china Sinopharm,"El presidente de la Rep√∫blica, Francisco Sagasti, fue vacunado contra la COVID-19, durante la primera jornada de inmunizaci√≥n en el pa√≠s.
El jefe de Estado fue inoculado tras brindar un balance del inicio de la campa√±a de vacunaci√≥n, desde la sede del Hospital Militar Central, ubicado en el distrito lime√±o de Jes√∫s Mar√≠a.",1829,14,0,23
UC-B7Xv56uNRDkj0vC3QW8Cg,La Rep√∫blica - LR+,OCdaqqQ3pjE,Vacuna Sinopharm: este fin de semana llegar√°n al Per√∫ 700 mil dosis - RTV Noticias,"Conoce las noticias m√°s relevantes del d√≠a en el noticiero #RTVNoticias.  
 
Noticias de hoy, 11 de Febrero 2021:  
- Vacuna Sinopharm: este fin de semana llegar√°n al Per√∫ 700 mil dosis  
- Se registran m√°s de 18 mil vacunados contra el coronavirus y reportan problemas en hospitales 
- Contin√∫a la crisis por el ox√≠geno medicinal   
- Retiro total de la CTS: V√°squez afirma que dictamen merece un debate serio 
- Legislador de Fuerza Popular pide que congresistas sean los primeros en vacunarse contra la COVID-19 
- Violeta Berm√∫dez solicita informes sobre supuesta vacunaci√≥n a Vizcarra  ",5400,43,0,14
UCpSJ5fGhmAME9Kx2D3ZvN3Q,Latina Noticias,ZyzvNFD_EHU,üî¥ Vacuna de Sinopharm tiene 94% de efectividad seg√∫n el Minsa,"Tras anunciar la realizaci√≥n de un nuevo Vacunat√≥n durante este fin de semana, el Ministerio de Salud (Minsa) inform√≥ que quienes reciban su primera dosis ser√°n inoculados con la vacuna de Sinopharm.",950,20,0,25
UC3rDtLrcgr3JS3_3JOW4BAw,Latina Televisi√≥n,I1k2yENgRBE,üî¥ Sinopharm y Pfizer inician tr√°mite de registro sanitario en el Per√∫,Laboratorios de Sinopharm y Pfizer inician tr√°mite de registro sanitario para sus vacunas en el Per√∫.  #LatinaNoticias,650,11,0,5
UC3rDtLrcgr3JS3_3JOW4BAw,Latina Televisi√≥n,3VZXiMwyIQg,üî¥ Conozca todo sobre la efectividad de la vacuna de Sinopharm,"Conozca todo sobre la efectividad de las vacunas contra la covid 19 con el Dr. Miguel Tinoco. Seg√∫n la OMS, la vacuna de Sinopharm posee una efectividad del 90%",1316,19,0,3
UCpR7spJxkXzqAI9aBr7Xacw,Minsa Peru,hgJSSy14dIA,¬øConoces c√≥mo funciona la vacuna Sinopharm?,Aqu√≠ te contamos m√°s sobre ella. #NoBajemosLaGuardia,54510,505,0,219
UCgR0st4ZLABi-LQcWNu3wnQ,PBO,9NKE9OQ9BTk,Exjefe del INS Ernesto Bustamante sobre la segunda ola COVID 19 y FUERZA POPULAR y KEIKO FUJIMORIüö®,"#PBOMEDIOD√çA üáµüá™

üö® Exjefe del #INS #ErnestoBustamante sobre la segunda ola #COVID19 y #FuerzaPopular",7266,310,0,22
UCgR0st4ZLABi-LQcWNu3wnQ,PBO,5PzTJnq01ZY,Exdirector INS Ernesto Bustamante sobre primer lote de vacunas Sinopharm a Per√∫ üìª PBO Radio 91.9 FM,"üëâ ENTREVISTA Exdirector del INS Ernesto Bustamante
üî¥ Canciller: Primer lote de vacunas de Sinopharm llegar√° a Per√∫ el 14 de febrero",1554,65,0,8
UCNd09h2GugrdeT_80LxOFMw,Peru21TV,kg_OFkHnd80,EN VIVO Explican adquisici√≥n y eficacia de vacunas Sinopharm en el Congreso,"EN VIVO Se presentan en el Congreso premier Berm√∫dez, Canciller Wagner y ministro de Salud Oscar Ugarte explican adquisici√≥n y eficacia de vacunas Sinopharm en el Per√∫.",3099,32,0,20
UCNd09h2GugrdeT_80LxOFMw,Peru21TV,Yl6eBlrXjac,COVID 19: Comisi√≥n del Congreso exige realizar auditor√≠a sobre ensayo de Sinopharm,"El presidente de la Comisi√≥n Especial de Seguimiento a Emergencias y Gesti√≥n de Riesgo de Desastre COVID-19, Leonardo Inga, present√≥ una moci√≥n de orden del d√≠a para pedir al Gobierno que contrate una entidad, a fin de que realice una auditor√≠a internacional al ensayo cl√≠nico de la vacuna contra el COVID-19 del laboratorio Sinopharm desarrollado en el Per√∫.",335,5,0,9
UCNd09h2GugrdeT_80LxOFMw,Peru21TV,Sk-UkktS4M4,COVID-19 en Per√∫: Sinopharm anuncia que su vacuna es eficaz en un 79%,"El laboratorio chino Sinopharm anunci√≥ que una de sus vacunas contra el COVID-19 era eficaz en un 79%, una cifra inferior a las reivindicadas por sus competidores Pfizer y Moderna. Como se recuerda, el presidente del Per√∫, Francisco Sagasti, brind√≥ un mensaje a la naci√≥n en el que anunci√≥ que la vacuna de Sinopharm ser√° la primera en llegar al pa√≠s.

Y no olvides suscribirte a nuestro canal de YouTube: https://tinyurl.com/y5hncnj6

TAMBI√âN S√çGUENOS EN: 
Facebook: https://www.facebook.com/peru21/
Twitter: https://twitter.com/peru21noticias
Instagram: https://www.instagram.com/diarioperu21/",6162,39,0,13
UCNd09h2GugrdeT_80LxOFMw,Peru21TV,ubRj_S3gJEM,Coronavirus Per√∫ : Cosas que sabias sobre la efectividad de la Vacuna Sinopharm ante el COVID-19,"Algunas personas se han mostrado en dudas, luego de asistir a sus centros de vacunaci√≥n y escuchar que por ahora se esta aplicando la dosis de Sinopharm. A continuaci√≥n, te mostramos cu√°l es su nivel de efectividad frente al coronavirus.",3265,26,0,15
UCNd09h2GugrdeT_80LxOFMw,Peru21TV,5eo5ptas7R4,COVID-19 en Per√∫: LLEGADA DE VACUNAS SINOPHARM AL PER√ö,"El presidente de la Rep√∫blica, Francisco Sagasti, recibi√≥ personalmente este primer lote de 300 mil vacunas de Sinopharm y desde el Aeropuerto Internacional Jorge Ch√°vez emiti√≥ un mensaje a la Naci√≥n, en el que agradeci√≥ a los actores del Estado y el sector privado que hicieron posible la llegada de este primer lote.

EN VIVO Primer embarque de vacunas SINOPHARM llegan al Per√∫.

00:00 Noticias 21 - Seguimiento del avi√≥n en su ingreso al Per√∫
44:15 Avi√≥n con primer lote de vacunas aterriza en Lima
1:11:41 Declaraciones del presidente Francisco Sagasti
1:20:55 Traslado hacia la rampa del almac√©n de Talma
1:46:21 Declaraciones de la ministra de salud, Pilar Mazzeti
2:00:51 Ministra Mazzeti supervisa partida de contenedores al almac√©n de Cenares",39660,466,0,148
UCtgAzE8TaeTB3Owqho52E3g,Presidencia de la Rep√∫blica del Per√∫,TLrrqZNTWMw,Presidente Pedro Castillo supervis√≥ llegada de lote de vacunas de Sinopharm,"El presidente Pedro Castillo supervis√≥ la llegada de un nuevo lote de 2 862 500 dosis de vacunas Sinopharm para continuar inmunizando a la poblaci√≥n frente a la pandemia. Lo acompa√±a el ministro de Salud, Hernando Cevallos. 
#LasVacunasS√≠Protegen",207,8,0,0
UC5j8-2FT0ZMMBkmK72R4aeA,RPP Noticias,NXUwCP9YRdE,Lleg√≥ al Per√∫ el segundo lote de 700 000 vacunas de Sinopharm contra la COVID-19,El avi√≥n de la aerol√≠nea KLM aterriz√≥ en nuestro pa√≠s a las 7:40 de la noche procedente de Amsterdam. Trae en sus bodegas el segundo lote con las 700 000 vacunas contra la COVID-19.,40857,416,0,279
UC5j8-2FT0ZMMBkmK72R4aeA,RPP Noticias,g-znb99dKqc,Vocero de Minsa: Efectividad de Sinopharm para prevenir muerte es de 90%,"Arturo Granados, vocero y asesor del Ministerio de Salud, record√≥ en RPP Noticias que la vacuna Sinopharm protege de manera efectiva a la poblaci√≥n y que su uso est√° respaldado por la Organizaci√≥n Mundial de la Salud.",2724,39,0,19
UC5j8-2FT0ZMMBkmK72R4aeA,RPP Noticias,NU9mxmYN5Fo,Vacuna COVID-19: avances del ensayo cl√≠nico del laboratorio Sinopharm en Per√∫,"El m√©dico internista y profesor principal de la UPCH, Germ√°n M√°laga, se√±al√≥ que existe un porcentaje menor al 10% de efectos adversos temporales de la candidata a vacuna de Sinopharm en el Per√∫.",46658,199,0,418
UC5j8-2FT0ZMMBkmK72R4aeA,RPP Noticias,qLgLbZy73gM,Colegio M√©dico del Per√∫ solicita tercera dosis de vacuna Sinopharm para personal m√©dico,"El comisionado del Colegio M√©dico del Per√∫, Augusto Tarazona, explic√≥ las razones por las cuales solicitan una tercera dosis de vacuna para el personal de salud.",5119,65,0,60
UC5j8-2FT0ZMMBkmK72R4aeA,RPP Noticias,zcFgzY8rsyU,Vacuna de Sinopharm: Colegio de Bi√≥logos rechaza declaraciones del congresista Ernesto Bustamante,"El Colegio de Bi√≥logos del Per√∫ inform√≥ que las declaraciones del congresista de Fuerza Popular, Ernesto Bustamante, sobre la vacuna contra el COVID-19 del laboratorio chino Sinopharm son a t√≠tulo personal y que su instituci√≥n alienta la vacunaci√≥n emprendida por el Estado.",5141,39,0,89
UC5j8-2FT0ZMMBkmK72R4aeA,RPP Noticias,Z66i6jUmK0g,Minsa brinda conferencia sobre eficacia de vacuna Sinopharm,"‚ÄúLuego de la segunda dosis de Sinopharm la mortalidad por COVID disminuye‚Äù, sostuvo Lely Solari, m√©dica infect√≥loga.",4912,27,0,99
UC5j8-2FT0ZMMBkmK72R4aeA,RPP Noticias,Cz0dWMBwQwc,"Vacuna Sinopharm posee efectividad del 90%, seg√∫n informe preliminar","El investigador principal del ensayo cl√≠nico de la vacuna Sinopharm, Sergio Recuenco, explic√≥ c√≥mo se realizar√° la vacunaci√≥n a los voluntarios.",10730,128,0,83
UC5j8-2FT0ZMMBkmK72R4aeA,RPP Noticias,yTASknMQ8wY,"Estudio de Sinopharm en el Per√∫: ""Es una vacuna que nos da seguridad""","Sergio Recuenco, investigador principal del estudio Sinopharm en el Per√∫, coment√≥ las diferencias que tiene esta vacuna de otras.",12908,216,0,98
UC5j8-2FT0ZMMBkmK72R4aeA,RPP Noticias,Mh8eDIT3h_8,Per√∫: Conoce los testimonios de dos voluntarias de la vacuna Sinopharm,Sophia Castillo y Laly Goyzueta recibieron las dos dosis del laboratorio chino Sinopharm y a trav√©s de RPP nos contaron su experiencia . ,6846,77,0,65
UC5j8-2FT0ZMMBkmK72R4aeA,RPP Noticias,EVl9-KEfYEY,Germ√°n M√°laga: ‚Äúla vacuna Sinopharm consiste en un virus cultivado que luego fue  etsinactivado‚Äù,"Germ√°n M√°laga, investigador principal de la UPCH detall√≥ en RPP cu√°ndo empez√≥ a desarrollarse la vacuna Sinopharm y qu√© tipo de plataforma tecnol√≥gica usa esta vacuna. ",44881,358,0,210
UC5j8-2FT0ZMMBkmK72R4aeA,RPP Noticias,TvJvNftwQ3Y,"Sobre confianza en vacuna Sinopharm: ‚Äúbasado en el reporte peruano preliminar, hay que esperar‚Äù","El epidemi√≥logo Edward Mezones sostuvo que la efectividad de la vacuna depende del proceso de vacunaci√≥n, es decir, lo que ocurre en la realidad.",10894,98,0,303
UCkZCoc42IipR1ucqJmIehsA,TVPer√∫ Noticias,Q_nM_LJU2g4,"Renuncia Coralith Garc√≠a, jefa de los ensayos cl√≠nicos de Sinopharm",,651,1,0,0
UCkZCoc42IipR1ucqJmIehsA,TVPer√∫ Noticias,b7FsVusAGHY,Ministerio de Salud: efectividad de vacuna Sinopharm para prevenir muerte por COVID-19 es de 94%,,2124,38,0,29
UCkZCoc42IipR1ucqJmIehsA,TVPer√∫ Noticias,e-080UzycHY,üî¥ PCM brinda precisiones sobre efectividad de la vacuna de Sinopharm,"Titular de la PCM, Violeta Berm√∫dez, brinda precisiones sobre efectividad de la vacuna de Sinopharm.",13203,197,0,226
UCkZCoc42IipR1ucqJmIehsA,TVPer√∫ Noticias,fdoBS9dXIGI,Primeras 300 mil vacunas de Sinopharm ya est√°n en el Per√∫,,19327,209,0,185
UCkZCoc42IipR1ucqJmIehsA,TVPer√∫ Noticias,Otbblq0u_F0,COVID-19: Per√∫ inicia ensayos cl√≠nicos de vacuna de laboratorio Sinopharm,La Universidad Peruana Cayetano Heredia (UPCH) inicia este mi√©rcoles la marcha blanca del ensayo cl√≠nico de la vacuna candidata contra el COVID-19 del laboratorio Sinopharm de China.,4711,45,0,23
UCQmo59tWId4OHTdl4W320DQ,Wayka,hrmYU8zj6xE,El fujimorista Ernesto Bustamante y la desinformaci√≥n sobre la vacuna,"""Ernesto Bustamante fue el causante de esta campa√±a de desinformaci√≥n que ha llevado a personas a no vacunarse""

Glatzer Tuesta de Ideeleradio opina sobre el congresista fujimorista.",1716,107,0,33
UCort3mldTtMErPqprSlSfng,Willax Televisi√≥n,McRPpKQzx68,Milagros Leiva Entrevista - JUL 19 - 2/3 - #NOTENEMOSMIEDO | Willax,,21914,575,0,253
UCort3mldTtMErPqprSlSfng,Willax Televisi√≥n,FkQPm476Tr4,En vivo üî¥ | Conferencia de prensa en defensa de la libertad de expresi√≥n | Willax Tv,"Sigue nuestra conferencia de prensa en defensa de la libertad de expresi√≥n, Willax Tv.

Por naturaleza y convicci√≥n, Willax Televisi√≥n es un medio de comunicaci√≥n que promueve, alienta y defiende una prensa libre y democr√°tica para el Per√∫. Transmite valores y cree que el periodismo puede ser un oficio responsable, independiente y entretenido. ",82700,4091,0,1150
UCort3mldTtMErPqprSlSfng,Willax Televisi√≥n,LPThw6l7nhI,"Combutters ‚Äì ENE 23 ‚Äì BETO ORTIZ: SI NO ME HUBIERA IDO A M√âXICO, ESTAR√çA EN CANA | Willax",,6642,124,0,8
UCort3mldTtMErPqprSlSfng,Willax Televisi√≥n,ZSfe0DfoUv8,Combutters ‚Äì DIC 13 - 2/2 EL VALOR DE BETO ORTIZ | Willax,"Parte 1: http://bit.ly/3uObSKl
",79597,1475,0,149
UCJTXzYFt51VEoJkHcVkOpTw,La Linares - Ver√≥nica Linares,JxzXfYNPlEo,Soy un sembrador de ciza√±a - Beto Ortiz Ep.98 La Linares,"Con m√°s de tres d√©cadas en el mundo del periodismo Beto Ortiz, el carism√°tico presentador de televisi√≥n y escritor, convers√≥ con La Linares en una entrevista sincera. Abord√≥ sin tapujos sus temas m√°s controvertidos, reflexion√≥ sobre la relaci√≥n con sus padres. En un giro inesperado, revel√≥ sus gustos sexuales, desafiando estereotipos y enfatizando la importancia de la autenticidad en la vida.

#BetoOrtiz #Per√∫ #Periodista #CorazonesVandalos",233482,3959,0,633